ELEM_LIST Na Cl

POT Na 6.0
SYM 70
2 6.0 0.003214 0.0 0.0 Na
2 6.0 0.035711 0.0 0.0 Na
2 6.0 0.071421 0.0 0.0 Na
2 6.0 0.124987 0.0 0.0 Na
2 6.0 0.214264 0.0 0.0 Na
2 6.0 0.357106 0.0 0.0 Na
2 6.0 0.714213 0.0 0.0 Na
2 6.0 1.428426 0.0 0.0 Na
2 6.0 0.003214 0.0 0.0 Cl
2 6.0 0.035711 0.0 0.0 Cl
2 6.0 0.071421 0.0 0.0 Cl
2 6.0 0.124987 0.0 0.0 Cl
2 6.0 0.214264 0.0 0.0 Cl
2 6.0 0.357106 0.0 0.0 Cl
2 6.0 0.714213 0.0 0.0 Cl
2 6.0 1.428426 0.0 0.0 Cl
4 6.0 0.000357 1.0 -1.0 Na Na
4 6.0 0.028569 1.0 -1.0 Na Na
4 6.0 0.089277 1.0 -1.0 Na Na
4 6.0 0.000357 2.0 -1.0 Na Na
4 6.0 0.028569 2.0 -1.0 Na Na
4 6.0 0.089277 2.0 -1.0 Na Na
4 6.0 0.000357 4.0 -1.0 Na Na
4 6.0 0.028569 4.0 -1.0 Na Na
4 6.0 0.089277 4.0 -1.0 Na Na
4 6.0 0.000357 1.0 1.0 Na Na
4 6.0 0.028569 1.0 1.0 Na Na
4 6.0 0.089277 1.0 1.0 Na Na
4 6.0 0.000357 2.0 1.0 Na Na
4 6.0 0.028569 2.0 1.0 Na Na
4 6.0 0.089277 2.0 1.0 Na Na
4 6.0 0.000357 4.0 1.0 Na Na
4 6.0 0.028569 4.0 1.0 Na Na
4 6.0 0.089277 4.0 1.0 Na Na
4 6.0 0.000357 1.0 -1.0 Na Cl
4 6.0 0.028569 1.0 -1.0 Na Cl
4 6.0 0.089277 1.0 -1.0 Na Cl
4 6.0 0.000357 2.0 -1.0 Na Cl
4 6.0 0.028569 2.0 -1.0 Na Cl
4 6.0 0.089277 2.0 -1.0 Na Cl
4 6.0 0.000357 4.0 -1.0 Na Cl
4 6.0 0.028569 4.0 -1.0 Na Cl
4 6.0 0.089277 4.0 -1.0 Na Cl
4 6.0 0.000357 1.0 1.0 Na Cl
4 6.0 0.028569 1.0 1.0 Na Cl
4 6.0 0.089277 1.0 1.0 Na Cl
4 6.0 0.000357 2.0 1.0 Na Cl
4 6.0 0.028569 2.0 1.0 Na Cl
4 6.0 0.089277 2.0 1.0 Na Cl
4 6.0 0.000357 4.0 1.0 Na Cl
4 6.0 0.028569 4.0 1.0 Na Cl
4 6.0 0.089277 4.0 1.0 Na Cl
4 6.0 0.000357 1.0 -1.0 Cl Cl
4 6.0 0.028569 1.0 -1.0 Cl Cl
4 6.0 0.089277 1.0 -1.0 Cl Cl
4 6.0 0.000357 2.0 -1.0 Cl Cl
4 6.0 0.028569 2.0 -1.0 Cl Cl
4 6.0 0.089277 2.0 -1.0 Cl Cl
4 6.0 0.000357 4.0 -1.0 Cl Cl
4 6.0 0.028569 4.0 -1.0 Cl Cl
4 6.0 0.089277 4.0 -1.0 Cl Cl
4 6.0 0.000357 1.0 1.0 Cl Cl
4 6.0 0.028569 1.0 1.0 Cl Cl
4 6.0 0.089277 1.0 1.0 Cl Cl
4 6.0 0.000357 2.0 1.0 Cl Cl
4 6.0 0.028569 2.0 1.0 Cl Cl
4 6.0 0.089277 2.0 1.0 Cl Cl
4 6.0 0.000357 4.0 1.0 Cl Cl
4 6.0 0.028569 4.0 1.0 Cl Cl
4 6.0 0.089277 4.0 1.0 Cl Cl
scale1 2.5836254871050315 1.659518869527457 1.0532462818967216 0.5768561034782684 0.26662862113325914 0.10528889326975412 0.022904777723475832 0.0013648086810181183 3.4231800885810157 2.437626674769971 1.7509558712794744 1.1125326752491966 0.5818319124206869 0.2576164278838556 0.04320094405829395 0.0017180950790516146 0.31040541157393237 0.1165105358567271 0.017133163540736435 0.1385771892538988 0.05330105391568485 0.007789155969899394 0.05722273852560142 0.023097607098513037 0.003684960019272906 0.6853690558824997 0.2446721339244094 0.033517475476146745 0.5076802691622192 0.1811723725416966 0.026394042674107998 0.3111098266891224 0.1109631067502607 0.018912976405246 1.0617203813059022 0.4630212927585814 0.10320522662279744 0.381070994876232 0.15933751928087217 0.030852396888957218 0.12319366513591139 0.05059448561769475 0.008740694228403212 3.560563807474588 1.54112629094006 0.31684940577741344 2.846232387554586 1.2244862862024755 0.2444965760435732 1.9408228516763926 0.8173352440352364 0.15166640955222516 0.9259653234483722 0.4111357074652805 0.08408973366819654 0.48549191903025013 0.22343356879065682 0.052365100720973876 0.2058392586035071 0.10232041181187806 0.023796816645473323 1.3002319962757498 0.5274423652731768 0.09788964924590014 0.8697006569556152 0.3501735271417772 0.059901120302224366 0.4279709498204598 0.1689330606014868 0.029431609282946074
scale2 1.0363350411264272 0.8224751921343754 0.6423620463122872 0.4357478827401003 0.24182873411179162 0.10362373224480094 0.022902477718955722 0.0013648086750408753 0.8566851834645102 0.7116463656135518 0.6048534299509953 0.5188400296097107 0.3735772098872084 0.2146961458381934 0.0420514448538409 0.0017174000761392522 0.28566642061410136 0.11149020855068006 0.016951574742968503 0.13260342975954734 0.052137659771490846 0.007750832240126087 0.056882293433846584 0.023036831156124205 0.0036832651981916595 0.5841669202684058 0.22336413336483174 0.0326803510763543 0.4270284702754149 0.1637030042660632 0.02569979349953714 0.262429478167341 0.10027845009347823 0.018471332525899144 0.8218950977101347 0.39193938127916683 0.09708321827801197 0.3313153072328106 0.14615273481946142 0.02992394999146672 0.1181822762319568 0.04942689013783749 0.008684178000781565 2.1488296480861093 1.0710366130108258 0.2717705558273454 1.669965393571983 0.8260238153078433 0.20461128754080019 1.0800637006144276 0.5239558034080185 0.12108919588100665 0.7054646355662311 0.34724191850443364 0.07919721072146098 0.407955971758279 0.20187820438668977 0.05087480795575866 0.19112531905928487 0.0985317297048186 0.023578165358077174 0.9211099700383001 0.4144052423837531 0.08818857876442458 0.6115213864362232 0.2755091348483142 0.053845827028298064 0.29512093026423947 0.13095616025382475 0.026619685661940284
NET 3 70 30 30 1
LAYER 0 linear PCA
w0 0.10990758087792656 0.11502479389992745 0.1152476204875682 0.11275879882194591 0.0979462500176538 0.06984208612383545 0.01948141128352089 0.0030205851194661125 0.09203262156248036 0.10053064252244849 0.10482277053251363 0.09887715830594804 0.09080845224202984 0.07501853839918751 0.05227086859730249 0.024118661351109627 0.09141117371233345 0.07922761415079037 0.05457780056700138 0.0784896340108057 0.06515708956115744 0.043152863802007724 0.04495846997287498 0.03430270356151412 0.01892880208379371 0.09338391963075852 0.0866901508584118 0.06663344100939357 0.09096978611310484 0.08507788493432486 0.061747390617482016 0.08305124045491061 0.07868575541291731 0.04918120848165374 0.1279090941337029 0.1222408914620573 0.10050360016225976 0.12155538765986539 0.113497348317163 0.09608760666003081 0.10782111384081867 0.09001589999440548 0.06155818774559897 0.12735698525726588 0.12739077494944717 0.11446288973289084 0.12504077617580575 0.12725675781655635 0.11839889792833144 0.12110659018750836 0.12613829441071586 0.12607148608714436 0.10339628620968877 0.09893641249955672 0.08694913376886176 0.09679603824322162 0.08980328492457933 0.06835047727661162 0.08280433834298151 0.06883452960137848 0.04882453927136249 0.0925734071190722 0.09711361298386711 0.0934398309107666 0.08473356432194247 0.08717985544426196 0.08972866962300577 0.08011444643490542 0.07874843701338914 0.07205533861936277
b0 2.490714585828145
w1 0.159133836476306 0.19613100100955191 0.21690024560757207 0.23107768111521035 0.21714793624855705 0.16663795296344938 0.05182658323196466 0.008519093937325169 -0.21236323862249526 -0.2536666196149594 -0.26964832709548214 -0.2486608455817771 -0.21378178503734896 -0.16070327738433826 -0.09629976874495291 -0.03867535038558569 0.17671649271708476 0.16306909220783794 0.12393441941424686 0.16529683985906887 0.14358181963788696 0.10290070655538379 0.10361783285584665 0.08169307832025845 0.04812212694215471 0.1445366294622531 0.15191556849658516 0.13703036312774652 0.13083548649265866 0.14195159318717904 0.12353729282558097 0.10397543700821917 0.1199482411076782 0.0936252191543691 0.10303629488913826 0.11147386368209376 0.10719185238533613 0.10692864259986547 0.11329528158511741 0.11301145376635005 0.10064743242865887 0.0935961449852992 0.076301426827968 0.06560794390131479 0.08011339899973463 0.09292873819964267 0.054924710282941 0.07102918889214191 0.08909828064804451 0.034268263689332994 0.05210918805746566 0.0796452618457353 -0.2633235226029034 -0.2525416669920912 -0.22013330088126987 -0.23078122386728128 -0.2133000249404762 -0.16120014141873437 -0.17757547851473346 -0.14477904063697375 -0.10077423087328852 -0.2365015924548003 -0.260852640498876 -0.25747217688664215 -0.20641489092137263 -0.23035996548462515 -0.2502178704461046 -0.15557916539418604 -0.18170936741250476 -0.19324789315548835
b1 1.1508474821178645
w2 -0.04985905176967061 -0.020869816930137494 -0.002407705125928414 0.010463524170338256 0.014114242462766134 0.009128073920337772 0.0032672398080050226 0.0017893521562241774 -0.36855771582019514 -0.1548775100756616 0.05661689712900212 0.26750058110552954 0.4369163878796942 0.4826696387874777 0.406193371561081 0.20372037738247614 -0.01634118457470788 -0.015419812372736187 -0.015023976994182392 0.004555439685366052 0.0018364625403931886 -0.003062369111781787 0.01295648427748805 0.00852959443420247 0.0027159749390274547 -0.08539356142328815 -0.07309542536742006 -0.05363819619735001 -0.10447054999922369 -0.08864827770771178 -0.05922113433123195 -0.13404672560452457 -0.11303842670279227 -0.06219934348787861 0.05597758913101815 0.09906551350166584 0.13161108036041902 0.11078633314780928 0.13287968375270165 0.14925258299511224 0.15392195147939317 0.13694717209074334 0.1049488690984285 -0.10565522612465868 -0.0222246096485538 0.07645200767832325 -0.14152244194159377 -0.05231122484394041 0.060927255567833564 -0.20695513644970698 -0.11130367947859654 0.024858741857061856 0.210681945370264 0.25979981306713734 0.28249620417546095 0.4238645789753386 0.43393985742815255 0.35739272559372415 0.5179118916389929 0.46827370784264355 0.36150220588376025 -0.3890005201483881 -0.3017059463107236 -0.14161732473043118 -0.5462161102926868 -0.46328377520731895 -0.3097669150547521 -0.7148507351125053 -0.6496883110888422 -0.4722372372429642
b2 0.931939963405573
w3 -0.5415516019554184 -0.2730945691255973 -0.0243524889282962 0.26283706096578247 0.5423589719964009 0.6485485775458615 0.301419179265739 0.06787432041190629 -0.016419296761364492 -0.11950998386646272 -0.1673237199848795 -0.15175824454426226 -0.07297068127195892 0.04498285228105549 0.17513630658390722 0.15499219875309442 -0.0911878532929818 -0.012512982877087013 0.06699132368816652 0.16029266851435423 0.18150789155063385 0.1736391701494458 0.2856259583681845 0.2438814636627926 0.15949513529616258 -0.528382005866745 -0.38777653378282884 -0.17628305539844033 -0.6120402783913933 -0.4627703564830648 -0.21598432266861214 -0.6616391994054716 -0.5193524288875404 -0.22683299979209576 0.18571541364342325 0.26775569855909936 0.36895924606725045 0.46628051486426897 0.5266917145529704 0.5775180207806095 0.6385217379150939 0.6350775617530291 0.5608959435219133 -0.3160073276835542 -0.17804175075059345 0.0796447115872197 -0.40551656540270986 -0.26470883524768735 0.015184679816454149 -0.5185250504517286 -0.38638095004973977 -0.09678796588424053 -0.19609117665736261 -0.15743717500501644 -0.06390078647805224 -0.17073334820480504 -0.13409533888250594 -0.05111562804794722 0.006080911301054741 0.016248127059396458 0.03005317252555953 0.05872680884041773 0.05005302275161428 0.07776128667249664 0.20077392770653432 0.1754573238178538 0.17304820373797233 0.4742613031973491 0.4198643239519938 0.3281951425130414
b3 3.1419681997553486
w4 -0.1652499214846357 -0.2532210767905057 -0.27907514349712753 -0.24962520284233017 -0.1264302996418885 0.02934051818556715 0.06459635674690936 0.014276002449445546 -0.3383833330349466 -0.4175794920404653 -0.3655701129143572 -0.16073588944115375 0.16537434343474494 0.4916868567970469 0.7526777334074667 0.5384326478797083 -0.09020752270132629 0.02507149713293023 0.17469124954431176 -0.2424634283638104 -0.1305432330231911 0.02041318680388171 -0.14864913927689397 -0.09239100623954992 -0.025110802580474167 0.5436131646726845 0.5976018464321892 0.6262775449819251 0.7287069313054485 0.7567446545534713 0.6873167075982533 1.0039903513805981 0.9894021194314382 0.7008982105455719 -0.17347150339175402 -0.21021619947292902 -0.15726205324477865 0.1674884454670131 0.14328513232494944 0.11471291794248735 0.2880506603594659 0.3149059644871832 0.2965635302986098 -0.5247894600414778 -0.5547429304799385 -0.41991578439703153 -0.5566679946306435 -0.5941916675434807 -0.4663505000687336 -0.506337985687821 -0.5717675025691624 -0.5027372421064326 -0.31427221763288393 -0.16920648631143276 0.09931997855939463 -0.11724301267334275 -0.007472458191326631 0.1584205134467703 0.37327894755901914 0.36697497364910875 0.33308518364555306 -0.1389973685284749 -0.07067030752877426 0.15405972310148772 0.07497053638706574 0.10148815059346297 0.2559168781075048 0.5534110766087377 0.5045773052586504 0.4718415086020281
b4 5.43783843447442
w5 -0.7251630976561729 -0.6456971608701962 -0.47564246725041087 -0.18505178601487293 0.26042917417494693 0.6764635256063094 0.5426703411040966 0.17529491922955084 -0.17352858689815231 0.6579504667725979 0.9634333950740493 0.71528077292914 -0.0927260480320193 -1.1414884686754236 -2.1984774832109295 -1.8043138754029597 -0.15558331954137802 0.15067908044198444 0.5442201699724191 -0.08302557352382396 0.13935231923292857 0.4119858676010731 0.21689331062552464 0.2509895682535212 0.25425973513211536 0.09051220392514649 0.3982208758823111 0.8545070359512584 0.20211694445484074 0.4851134094399319 0.8518914515658103 0.3987638706829296 0.619442839900237 0.7666582567989659 0.21709240313456002 0.3195844241299104 0.31576520193355634 0.24694808227882356 0.37147580050908147 0.4695788139035838 0.2472526054903745 0.32474326172807955 0.40631117006399087 -0.4471361489705801 -0.2860809867321855 -0.18961688975547952 -0.6332040890457502 -0.4568496953469575 -0.3330028241434411 -1.0486744932207144 -0.8400414182619811 -0.6686108297606641 0.9562319242112979 0.8963023370833035 0.5856765113257995 0.3724247785644389 0.24152832629473062 -0.016099465513876927 -1.033589609612115 -1.0370978348647966 -0.920008162718203 0.2855604980387944 0.7742519031863532 1.0480875531967309 -0.4245514179066941 0.21189718217602335 0.8399229974691707 -2.0805265944985116 -1.192334538398221 -0.05582583458573582
b5 1.6850292152234023
w6 0.27528880232303393 0.3638587853860139 0.3372538184682588 0.1889719678992189 -0.13811271324434268 -0.49966352043306805 -0.41991149263137967 -0.1291315124141623 -2.69457435555494 -1.7550251251737576 -0.9861632960055171 -0.26507024740407387 0.21500323268810842 0.4156104428095014 0.47092651780225314 0.3292606863229574 0.2584273994780666 0.10077288329038274 -0.15561476389282577 0.24762211405349263 0.10279087540065661 -0.10679971857590301 -0.02180843819877586 -0.06361125210741883 -0.09942725230101875 -0.03911201950319463 -0.12709863180243738 -0.333050877763302 -0.1494898841924858 -0.2093131398722635 -0.35308030831033577 -0.321686016868882 -0.3361152553674197 -0.345804652494064 -0.2042070563828773 -0.10362528759786352 -0.014434343991107974 -0.27491991364320384 -0.3434548096473552 -0.4149697281890145 -0.18427277860454322 -0.343296173798947 -0.5140327695200584 -0.10261518940595431 0.3106433063766285 0.6369959649044261 -0.08608020201318131 0.3911852420196976 0.7922365797322722 -0.10781736249167279 0.48289158485461264 1.0690507752152971 -0.7235662196896135 0.06394970072253614 1.2107331911528678 -0.8122139925823844 -0.3078617097719489 0.4507618500154784 -0.6599051259438177 -0.5008340457304332 -0.18014505792374275 -0.744971944047858 0.5433480670652282 2.440064394096184 -0.8292404246967957 0.511089048185573 2.6414589531773833 -1.3755158720598417 0.05187112345657576 2.161585428662807
b6 1.4262693552796857
w7 -2.8455492203406907 -2.0329137074830523 -1.3497304861252606 -0.6666239124148815 -0.036623474251927135 0.27254979325401746 0.13715111152497397 0.01894099710379834 0.20080095211997817 -0.01999714227691111 -0.13731905370299344 -0.14863217300391823 -0.03487828501334688 0.15646173254986914 0.3749495259298402 0.32077719331888704 0.30815948081052447 0.9198073282403172 1.5340884321513235 0.6012448699020561 0.9629173929809388 1.2857803823091842 0.5215879502749398 0.6049077152524182 0.5943351295316355 -0.44523796156346557 0.48952750943101964 1.652353534834765 -0.6285224322563449 0.348177095033648 1.4770603873656014 -0.8242958951482493 0.1394914549182118 1.1024491848014082 -1.3775355770370896 -0.7271661949256979 0.43980966558229284 -1.46598437514974 -1.1686134870702274 -0.35627517417153504 -0.5483353118902082 -0.6250280021664772 -0.6002305233725318 -0.5608000210841102 0.360679475192592 1.6808953948406977 -0.3344841995325621 0.6059267610224393 1.9718295228625409 -0.02318283549049603 0.9455804285677188 2.4654983966679946 0.03932111242205412 -0.010279811823260947 -0.0732380070025629 0.10257848359740528 0.11623435105121616 0.09905061460158607 0.14563968215526304 0.20635069861052927 0.23184637182138307 0.11469252561670479 -0.12209022016763572 -0.41183060146196865 0.19582680541213893 -0.0855146368797559 -0.4731904025186845 0.49743863978063374 0.14204391270782005 -0.35006786747294516
b7 8.331808113772086
w8 0.8643269390610114 0.8589790342081727 0.6585848512320075 0.21502234202883821 -0.5470864142026078 -1.2653130993228203 -0.9545179105404675 -0.3341359390085058 -0.0741084382941219 0.07389365799397135 0.19791038980505482 0.2774663735598649 0.2768261109921529 0.14536522770266863 -0.15170767913508748 -0.3162458529249171 2.6109722266567075 2.44651892383039 1.9363668010707056 2.7094301609543976 2.538081038884755 2.0733064653837903 1.4758306493197706 1.383113703712385 1.0943501332650818 0.5043224915895728 0.5212827677832369 0.488206020602192 -0.2153927617098782 -0.1465912357983619 -0.031123666878460736 -1.4517862780258974 -1.285180680603336 -0.721974860956908 0.5427645718147722 0.20413532417304228 -0.5815468881976028 -0.10098618761007391 -0.22890928156707904 -0.6560986905854884 -1.586091119511808 -1.5825417039908354 -1.419858060879454 -0.03122208105667615 -0.4968900883371517 -1.3533989981559094 -0.327338965294297 -0.7816383201867402 -1.6176459416480844 -1.0102131953145594 -1.4210768478203233 -2.2241072079053583 0.18371819467812042 0.10589153452430417 -0.08157921051370598 0.5116286320632533 0.34415732787774084 0.034186916931772816 1.0035850349676068 0.7360283934057346 0.3268780311026237 -0.05468534218788508 0.028665029290110507 0.06177212958094161 0.047004165758671404 0.16183427896986188 0.2534587325935306 0.44381612558566796 0.5761538792864375 0.6486566573032989
b8 5.838805081486937
w9 0.8013581462807138 -0.6398097917171514 -1.5284372839011469 -2.017349937855226 -1.556183840081209 -0.06195781944354377 1.1151537850931672 0.5104253863609541 0.6545984723812536 0.400260352792333 0.12779991637102678 -0.10280111734187 -0.10891251223457762 0.21920719549184542 0.9861402080163137 1.2567454471317547 1.2842817120986552 0.9058795077202163 0.45676844154984864 1.429307217628128 1.3821097260975985 1.2233703641964409 1.2511819656308052 1.3271323932900658 1.1928651899376355 0.9505690708124929 -0.09341275696853414 -1.1800409147463158 0.8850601596595401 -0.3042203672445962 -1.4328892290814712 0.8288302899433496 -0.4809155384991696 -1.4788734940592154 -1.7223054333617933 -2.1441363308135797 -2.0110701084653386 -0.18486435002424634 -0.6954105860655951 -1.1620232686441705 3.437069092371922 3.1834003332407117 2.36368256679902 -0.19626359116734812 -0.7957735444448951 -1.1651949180642047 0.5584361110501466 -0.13748670650880632 -0.7633832926527298 2.264578751903448 1.404460128321953 0.29328932792037266 0.07572033647347004 0.24739368923457844 0.6889044808748052 -0.6658176908522933 -0.31823267227770374 0.31789942502560686 -1.5034399796749598 -1.033523120665001 -0.28982110149553253 0.4480962651559877 0.39470364806438163 0.47939947296906227 0.1434187203533608 0.048700966742728884 0.07226775508776025 -1.0775942729687713 -1.1104106469915935 -0.9707795660828383
b9 7.582068541373148
w10 0.8566879839281264 -0.6034068698297722 -1.176306894468678 -0.9523540273604965 0.5593157842746499 2.7646393910937452 2.7707805801328145 1.0693950163189925 -1.3301066604147842 -0.8014564812657694 -0.30531464708660616 0.10934556266093669 0.11654189936132421 -0.5641842062146445 -2.435470578604602 -3.369760712298041 -0.20712618625647528 -0.7938288588875057 -1.4204060041459252 0.7589333736598547 0.4853021045517825 0.04748345699726592 2.4330922028673188 2.114142600476618 1.4298591252093515 0.8606497949152139 -0.7228912803698017 -2.611022831819029 1.5515811024205155 -0.2911450741301334 -2.3690068933554356 3.1377906146734493 0.9703206002422453 -1.4602372604596134 -1.5403655336417037 -0.7200370505088871 1.0415157767639076 -1.6856027853579292 -0.7534011560482992 1.2682592405693962 -1.7568399950387343 -0.9597196754596421 0.4759008981712535 -0.40584437768922105 -0.25905603434955066 0.6942516236175374 -0.09852752388915373 -0.12754990710354436 0.6134303426686459 0.629903134186341 0.27504465036811127 0.5540573681525309 -0.044953320252423434 -0.41712228156975706 -1.1004767390969008 1.2385549064094206 0.4987530811565068 -0.6504124425038414 3.5672922132475486 2.3240436535806546 0.5457051879504144 -0.9198802241210003 -0.669475895190858 -0.38204774031434124 -0.5074589449402301 -0.1158023412718444 0.3783549066247299 0.6806788171985098 1.2004693278725231 1.7607324124488464
b10 5.415229294478686
w11 0.4332382000610739 -0.17192517794240025 -0.31472688103452606 -0.0018564958612961784 1.003212354516842 2.3395150730237524 2.1097134500352386 0.811059904723587 1.245831489408756 0.7479464092402158 0.3447214695095375 0.07584364109950095 0.2623573821471787 1.1440216300516952 3.396286682153345 4.479507879682895 -0.3574133873787811 -0.5240469178790611 -0.6534883320283469 0.42972777006987856 0.3234553175156722 0.15868840715624113 1.8431075798265097 1.5511694750957699 1.0262176278278339 0.19345151676206188 -0.40274434336833603 -1.066974356827365 0.637176148510436 -0.08960335107611768 -0.877885382411137 1.6601766215559268 0.7496554575921826 -0.33067868458798916 -0.07419901016533617 0.9867135170028462 2.4231233837812884 -1.9483542201216406 -0.23347848120968084 2.64463868539866 -4.428468848241814 -2.9249573214636113 -0.14409563090275615 0.47742708917535315 0.25148065967621636 0.375957335068173 0.26430111150223395 -0.18342135797908662 -0.26358490454846584 -0.4790328850600348 -1.219646126245182 -1.6447937857130608 0.0023584789801927453 0.5343035220578427 1.4539002712112818 -1.2616087479328755 -0.3582165807123268 0.9855430633467795 -3.7773459314590236 -2.3359011983839713 -0.3108761361847291 0.857838361159725 0.7095344424025857 0.6287422000481036 0.4477665490741448 0.1313426229754658 -0.177500310854714 -0.6568997282301583 -1.1390457602710227 -1.5870153956227542
b11 8.1267985303868
w12 0.4336293926574337 -0.2616746560945071 -0.8611979246558514 -1.3184071824823185 -0.955191004857433 0.855776046550341 2.57876085712436 1.4266984793023736 0.26238481036624567 2.9345742237566537 3.8120231908644233 3.167570427491622 1.736602109948295 0.7375392355891653 1.8027659250482952 3.803454545736377 -0.11310308239051166 0.42905369344508215 1.5777083300776464 -1.1212230209521805 -0.47162923578914834 0.7491842631022766 -1.7415458523105114 -1.1397113675790058 -0.23134941673186762 -0.3020150628315322 0.3119287744245392 1.7612285338054527 -0.6856579710875618 -0.01680622806489214 1.4249035764216287 -1.9592486608771424 -1.1158342872517326 0.5630111978959851 -0.12334233060642816 0.20874582394552962 0.23895037531625896 -0.7693887224582561 0.20679637046938398 1.526312027417463 -1.4931197650002022 0.010873301097129598 2.317115187538843 1.1199488480861959 0.6634920146509619 -0.8629712129966874 1.34915579309772 0.7978370283414966 -1.036379544024183 1.661732228283367 1.0963504289998733 -1.1611958209985929 -0.9312552590962484 -2.984208404434057 -5.487124396042966 -0.45436846573349854 -3.1210506072403668 -5.553600375269065 3.705109165951194 0.5656479409508768 -2.7839129496454342 -1.6839702520493418 -0.7418250315583579 -0.3411862392144701 -1.7652963401637238 0.3584417526778465 2.264574094090066 -4.528951836747351 -0.2556860726567184 4.414328095783717
b12 1.1696856825418365
w13 2.4975546966472373 1.3718236772209236 0.44410749832150587 -0.10916444284400938 0.8241774369775097 4.225683168562134 6.388914303920561 3.2971412227934502 -0.6680949918004457 -2.237016517550337 -2.8141319257431805 -2.440045242861962 -1.5094703749391747 -0.7156772639944115 -1.042465397908755 -1.8349397146447342 0.7279441306314228 1.6124707577522426 3.5256020270654496 -2.5274707826851146 -1.0712140353386341 1.562073062787589 -5.542265313619906 -3.8507670412462622 -1.2498209837117613 0.4859729502455162 0.9936745264776871 2.8737994777983142 -0.6070114406183748 -0.08352958816186655 1.800000293350643 -4.098950598143821 -3.2853252159701465 -0.5110526287898768 -2.0602350229892106 -1.3998166309371074 -0.11799544941048991 -2.607956749279469 -1.1053615497784812 1.6675343253885846 -2.3629307550359444 -0.3847874258373292 2.984125757692713 0.9064050214621592 -0.30491033744808227 -1.6915073246291255 1.6628794032913403 0.07326848760945351 -1.946849066125637 3.11335680137195 0.9953399762420694 -2.1255033976851445 0.2293983287146842 1.4234055176352236 3.0418065375819467 0.30395833246811993 1.738664893979252 3.079443840333801 0.12264883923406983 1.421977314558334 2.582090720019991 0.4426587039883004 0.3584808395617878 1.0122796694418437 0.6048955315421121 0.019196544189718546 0.09350819357426302 1.3218579256431284 0.005412714004838362 -0.9050974329398278
b13 10.325069586072841
w14 2.335513784847061 3.6093197436310867 4.630056257700233 5.726555346535049 6.355915743324048 5.852314660726437 2.49180731033411 0.5992722749404337 0.32461103555398085 1.3035584102586506 1.9548781929090386 2.2309573072855784 2.22596310814872 1.8707020305293494 1.2854322236098266 0.5747363666256706 -1.363943577311621 -0.9565379423131325 -0.06087627319933968 -0.266073328953465 -0.14009238719756448 0.27997127308229375 0.6673617135757262 0.6364373082599307 0.6557365817681157 -1.3868375133088413 -0.6942329392768347 0.5929287322497052 -1.0673619843307338 -0.34041045019230615 0.8785704133580666 0.12672715747228505 0.7609584298791877 1.4213968223722835 -2.7731331100449066 -4.08489211785499 -4.347999928078717 -1.395372379213632 -3.9127367373731285 -6.288396488772528 2.3295785325701885 -0.4323456195771957 -3.874473669424178 -2.539901687586682 -2.0063164681502434 -0.8356477532059059 -2.1802246822625775 -1.3554881341885145 0.03342782185414468 -1.474534877717451 -0.23635041521265043 1.5929656801969752 0.7548149506035307 0.2705314208984821 -0.7522072890004481 0.49250025341907055 -0.12446356037217039 -1.0206486734463998 -0.006230031840373143 -0.6992232481685088 -1.4269981082250816 0.488964606084694 0.5073150528434454 -0.11970870849821222 0.1942913882050604 0.3309062249448834 -0.05403439983104587 -0.38258393870955754 -0.1426044074481551 -0.20409466109435928
b14 -1.1134082408011865
w15 0.18426279563153475 0.7477821741053894 0.8984944777956423 0.7284711335649033 0.20007023447152508 -0.22346483669767891 -0.0581829765589001 -0.014963848705553768 -0.5335764457066347 -0.10189528087560087 -1.8361738490207236 -4.9670889735836194 -8.19847827384164 -8.057994862095365 -0.9430569080802828 8.310791084918977 -2.1940612759765843 -2.201062586810075 -1.4147618810237306 0.5321136118169398 -0.22619761982476366 -0.713056581358102 4.12867095046051 2.9690488131584325 1.4720375140982283 -2.758373698782911 -1.3903499046988081 1.1043868292675592 -2.140421566536244 -0.47006339064400315 2.1224843357360053 -0.11899006122182189 1.813493111755245 3.6342956915294913 0.5641282140342646 -0.08569553299218859 -1.3304279814719293 -0.45408473697986496 -0.8466670020689795 -1.4760069657009935 0.7393133809781266 0.3958556456430231 -0.07868057930022271 1.3859136029590735 0.7255423633016359 -1.2931819778462632 1.4155938866079552 0.8316070057568757 -1.3022473814028088 0.8344660797216379 0.5901479018264544 -1.4733832837260497 3.1548087865901455 1.772092072977035 -0.49111708549365723 2.6387440782451583 1.8153693509331803 0.4253058341571221 3.436471043735945 3.9209791599037693 3.8049156371744153 1.395697038438467 1.537247895580052 -0.1080637388681732 0.22317425691828477 1.4089639556360334 0.9471944477777319 -4.235208705463625 -0.6078573977766266 1.9990357108261538
b15 18.950798799771192
w16 2.034428060011687 1.7442359963678649 0.62936851578659 -1.2092586664138847 -2.9548413717456667 -2.3572967404870075 1.3866172179889187 1.449084286537386 0.9271750739248027 -1.0426476126717303 -0.8907846943344888 0.9706811263731687 3.710240543828941 4.68557736162309 0.5151907720247689 -6.467709727738544 -3.427670842795457 -3.7701322231008345 -1.8674179218451203 0.7868105098439676 -0.7229091347206305 -1.176388316377636 7.295159048231418 5.311010072941828 2.8195134575794767 -5.206749077466748 -2.53480859147585 3.4341974526236223 -4.585423400576439 -1.1211968149163571 5.243951256212144 -2.4735659237826435 2.0358287706393767 7.5413508742693836 0.2561106744243643 -0.07099462668236857 -1.1468889121193988 -0.1946023788892911 0.3766726019288875 0.5834389050664075 -0.936191090593763 0.37602378481971327 2.0589400087431025 2.34112454847287 0.6476637247737554 -2.2948800500474946 2.8477877464980836 0.9401047145617196 -2.4186268973338563 3.9530203139662294 1.8024508706813795 -2.2438152369736 -3.129564883027226 -1.3559892757680174 2.232509608792232 -2.4008852171746895 -0.9214683786108948 1.5637562858041567 -0.6321290356208539 -0.5033111684845832 -0.018493781251400377 -1.6865153318434507 -1.545409948462242 1.5083543251244365 -0.531664478400488 -1.2906797030686263 0.6642462932511312 2.2007814157489984 -0.2976509862174179 -0.7984192295309341
b16 9.20178642356865
w17 4.909953836213316 2.838655260317344 0.2579333403217049 -3.095040173514323 -5.722984290289884 -3.48795827835396 5.238126697255 5.002077016848768 -14.929207075874045 -3.4771709089097906 2.7949237586657043 4.849850794893012 2.6772005214331815 -0.920590754326822 -1.3900822491839224 3.695787551825151 -0.30755370572654667 -0.7256232437646034 -0.2639946075946634 0.016731686041799077 -0.3688752845836087 -0.04580205218660046 0.7909735887258857 0.8449256308952141 1.1212089608589662 -0.9405426719862295 -0.5660642849376222 0.8911199703364646 -1.0757068973940704 -0.39566082512328504 1.2934825247515942 -1.372150485473745 -0.15898243127867234 1.7450127920749852 1.712740493508961 0.8893384444052991 -0.2815623691913015 -0.5447074304152361 -0.818052284247978 -0.8338835607670506 -0.11601004823027494 1.3966866196342276 3.581404128062992 -0.06317832626814497 1.1435971323411882 1.1805371772946274 -1.03231024556666 0.9160838307954293 1.5796642487757573 -4.309269423824561 -0.6568295082912469 1.9228651472916014 5.1567415712654 3.892685330381155 -4.551350896978538 4.707682209155808 3.934934112831981 -1.4770579244879334 -7.015081037301594 -4.0215977945629495 -1.9146367732566856 2.1818473149678645 2.9789481946182668 -7.490761018285508 0.47806925233682385 2.457870080551377 -6.969719493060409 3.5961577812630345 7.623911459409457 0.5785912368912304
b17 10.885834579563186
w18 -15.119867683640186 -3.725642034315411 1.913665674313354 3.993765034126452 2.390608271791447 1.4753929979461593 5.760799763806901 5.172036004495385 -4.134919744061086 -2.3822461302921405 -1.3035907458361011 -0.2476306870277384 0.9668518949675091 2.018659477270313 1.6879133478335029 -1.104368239583491 8.014317144625958 2.9549721865884355 -9.510429823235574 6.753471597737096 0.7570654538499936 -10.482685315819307 2.2644684419880643 -1.1677410981484926 -5.831906936186466 2.579023441598425 4.172096236219739 -3.3153396935855977 0.26389899806443035 3.921234180821642 -1.104259395970461 -4.476527900623503 2.4774437418867885 1.6194230139441064 2.120627143466774 0.09884708579238281 -7.350645018095892 4.104542906160145 3.183932711459283 -2.044093737114814 -5.154540775713523 -2.2496239547181287 2.2884388867371652 0.5689327479938896 1.2210089395405872 -6.17492158583743 0.5027076612521905 2.0996291566113294 -5.012944143465667 2.339960274568432 5.853079867843523 -0.34391302336440516 1.8129927495835667 1.1494350643282325 -0.898354353733681 0.6188294219929747 -0.14192992033741847 -1.6988221072925813 1.4519175818119257 -0.12171038826550448 -2.235681952684998 2.3668822509348084 2.263757907233422 -0.17409258642181283 1.8864617880304337 1.8523108140356672 -0.5689032718948208 -1.0916450224961014 -0.7661049302034313 -2.695745229823279
b18 -0.9914038823933243
w19 2.144949968668064 3.007076861478103 1.6604341076128009 -1.7303744387269548 -5.74889897491764 -3.8042701807472206 9.86197996602076 11.11582497756291 11.820626009964025 6.602445804988029 3.200364400407726 0.27323359057416124 -2.230538674775703 -3.9084372018037237 -2.869085215675346 2.459592130636426 5.954579961680573 1.5779684183318017 -6.063623816435705 4.755047896232936 -0.04035597465663923 -7.424856863877774 1.0102062199043165 -1.4083035201537568 -4.405692066230922 1.8169632237051008 1.985150888404001 -0.9011343087371507 -0.02125870802880657 1.6211028921184394 0.6143927499843483 -3.8890488851284344 0.14535331535579107 2.1042762083779754 2.072760580676406 0.22255212242380307 0.9890348932532823 -1.321986888564006 -3.6619119863262224 -3.5671732463421315 2.7293782865655136 1.1846769180198145 0.16818079125084634 -1.0165644991301452 -0.12868962664718386 4.230235414786465 -2.590478942678331 -0.9203810839344722 4.62775459299871 -8.241373497402655 -4.961102564474093 3.6263257037406658 -3.4899439927629934 -2.3348232361937598 3.2638282809892765 0.23932612416012036 1.5753400834716071 5.192132655166929 -4.520743864555304 -0.3409605583513574 5.229117713603003 -7.023632362003192 -6.975570854549902 1.0699316672642287 -6.393678606664016 -6.395206476404419 1.8574960069382593 2.459287281075848 1.3978330650755884 7.901454456246506
b19 13.478172515322246
w20 -8.39684177924953 -4.84840993380176 -1.431979904939182 2.399584279185478 5.418697546619761 4.443440512753107 -2.455633130376701 -3.7485888584022566 -0.8709893577249386 2.3220946634830426 4.039925843490747 3.8196871196535955 1.280347581707152 -2.324802827459854 -3.2909169864869634 3.1546660140328022 -4.48173611049422 -0.5367998491337665 4.070409195612407 -3.790213047759338 0.6049819521335672 6.0677688473717 -1.8681987889122755 0.9008643706779124 4.128370819120554 -1.0846689096596323 -0.5807178500786504 -1.0178701178883605 0.3373511995813873 -0.234090199907959 -2.1491978178643816 3.5468188227246293 1.2489398650321777 -2.773230943090995 2.671126100173963 0.5221927874425513 -6.867729220501129 5.622252150398437 4.5021350084678655 -2.758086828077976 -3.54697253644033 -1.6963752134923769 -1.606139813090643 2.560042968583598 0.9297491324411941 -6.043800450124493 3.094943765069726 1.7543402029091015 -5.172337350920564 7.27288842506064 6.202587731679703 -1.2039715092004022 -0.6638269006247626 0.22060224005526996 1.5648866163437711 4.078522790599004 5.692845958030125 6.508280805247299 -11.540137228295064 -3.20925707377758 5.9347181399587905 -8.496906833908369 -7.232509840703843 -3.532782527498898 -9.31189259214573 -6.985361192634694 -1.9384638506848633 3.0583048891399143 6.642281680075864 12.155683722554537
b20 1.2777412221552467
w21 3.3646907860466957 3.11194234726417 1.6665728378873745 -1.2301268906938372 -4.968452738155556 -4.7174366074129335 6.254742370711963 8.627445427175628 3.5193796307683325 0.808257261457385 -0.8550978989699448 -1.8014945819793435 -2.101950328619329 -1.7999025052673026 -0.4805650376218436 1.7121198191661287 -4.875401759581273 -1.195830610112363 4.669577406205308 -4.290593826657508 0.38440751990737604 7.56596586736239 -2.2737550408115457 1.82088867552299 6.957748554489044 -1.6860630135457693 -1.3038348747890378 -0.6004850292100344 -0.37737794227679317 -0.8421619070275823 -1.5618109856922449 2.5535381090205593 0.832585428399688 -1.9105158394272306 6.7821338110977605 -1.6264026558584659 -9.96879938118497 16.50806436887952 10.2505879260841 -1.789744607490226 -13.01983112874056 -5.463875573111411 3.0036426391077575 -5.299251609139819 -5.5151975748637865 -1.2524017642835306 -6.881589958560647 -4.565698653264149 2.8047376147239143 -2.1325417077665336 3.9291442396401797 15.963401994968201 -1.633652714462324 -0.9881443909431411 1.8089255767120216 -2.4194116797860836 -2.3117285877857707 -0.4088047851865475 4.233307401307754 1.3624936421894887 -1.0087576048718845 1.357544069298224 0.882557973271515 2.746655244932748 2.315402506505973 0.879006021718839 1.4516240478455364 -0.38375783895754906 -3.6280948938836484 -5.2292549467724045
b21 15.480934016357732
w22 -8.387281037563241 -3.397899921928021 -1.3175290551083003 -1.4368552794840135 -3.1633821073110275 -1.0389024896441867 11.562137994781573 12.619627543344217 -0.7457201606243337 -3.344257403134933 -4.079494798991513 -2.8688513895456857 0.10199477310909617 3.335201554778601 3.768041515215883 -2.22436228673143 -5.57927488032216 -0.3434634412224611 3.9046393898814413 -5.392178896124273 0.5174224818771666 7.703391519396238 -3.8172348394293683 0.9234599167667329 7.152181546469265 -1.3091464659170686 0.7163998483190128 -2.855994939836104 0.2670313994101816 1.3761997849836323 -3.883961496538774 3.5187133161152233 3.2203415694869224 -3.8146660549546327 10.74318274214871 7.249815479665955 0.8455420664578902 1.4532539252031305 -4.070430011335332 -10.647951205387695 10.571568193949593 -0.10759951475687002 -14.29484648084277 9.21419019642263 7.081881527739745 1.2168560705846665 6.85729246988943 5.022327028345959 -0.3421661363825741 -3.6358137005814255 -4.60916454787691 -7.930212159629046 -0.44497409579374836 -0.6954100110240782 -0.11151962282980786 -0.5743644597312219 -1.5452068486937474 -1.950302492281018 3.426387458565452 0.24169332052743173 -3.182174884302865 0.6741724603475974 0.3059815307288762 1.7245879245498583 1.1456427645919824 0.2044660798363331 1.1458592010539956 0.7635408774190878 -1.798491437977254 -2.55879273393811
b22 18.452824515540506
w23 8.725109292468334 -5.20301837243702 -10.843870565059477 -9.840031697927651 0.008339129200272454 10.281872737106678 3.114247490179542 -2.7029879104274577 -0.49818374624883804 -6.763238430646591 -4.377073719452103 1.7225981066941185 4.0883274971508365 -2.764778456762896 -10.014173422511295 14.675133183513529 4.882031035038218 -1.183722029235789 -2.0898369421481626 3.3567502102867866 -2.112876688063175 -6.193625279837992 3.6001225584900047 -0.5392512813970713 -5.335312948551407 2.548111756289597 -2.665682643800667 4.583383026783096 1.262226980902613 -3.50393644958256 5.338830565247908 -2.8840567177689924 -6.458566864928336 4.33574382573266 1.7155675747758017 -1.3281212115617669 2.524644143717568 11.878473908982185 4.885587423633272 1.144141899098407 5.601768742964081 -5.234055104200069 -18.128553123174353 -0.6851526552051546 -4.427617551761907 0.732701996151309 0.6306881077877561 -4.2463128450507615 -0.057360006372495456 9.661313418048659 0.6383078410812949 -0.19403464857884967 2.5247181524084774 1.5636876668515254 3.3737041763234905 8.308906041501961 2.484010655218651 -2.919022217595862 5.743205311258669 -6.041065303288241 -16.64269900713293 -3.4346716176445393 -4.387863052070099 6.584123320271009 -2.5430701823366078 -6.750642759232338 3.0634095866848154 12.617401324278989 -3.072129405645676 -4.685328139796254
b23 -7.857773472111276
w24 -8.062198228194422 4.0931125388810585 9.51484976225076 9.320452500732468 0.8181273569178383 -9.460915730759496 -4.622787866451979 0.9896651724276692 3.9534553391525433 -5.349723938314076 -4.051079856684353 1.8978661987197596 4.442609942592347 -2.71453781785694 -11.3036001491873 12.488185989587352 -4.042176112877119 0.6594740758899058 1.5401597769331579 -2.2505976123583977 1.8715675926226294 4.97538364058879 -2.6227587856696273 0.45629465961606847 4.23471099930492 -2.5343643915838867 1.570010296343002 -3.3045239692500887 -1.4617639470661588 2.289134784211023 -3.7174529477587535 2.4028988166631837 5.153804707375589 -2.4810608530961256 -3.792558266150277 1.6616165430275902 -2.086760571954806 -13.297591320923232 -4.436451657848128 -0.9336167505992592 -5.335873164557031 6.0465388771938136 19.575931798804213 1.3933381249837875 3.9686285061462274 -1.242602061444547 1.0212401838500975 3.5724078124006997 -0.7968803858563667 -5.105646770833317 -1.3621206838929856 -1.6717057178846915 2.153774722412061 1.348062155245868 5.216119084683956 9.042093551095807 2.25331676778578 -2.9102777681609826 9.075119160048578 -5.547959087679253 -18.64803052424175 -4.526098997947854 -5.396952827437388 9.333850428090487 -3.2699931597081946 -8.165731752895551 4.865318507677227 15.445463567314585 -3.9857921472738966 -5.704301290072282
b24 0.5091068080425823
w25 -2.9338752154890555 -0.967481681090135 -0.1317218948057611 0.2510286639838528 0.8193828482147035 2.068153292235422 0.867844077104912 -1.3921197909045455 -13.011660298271627 4.76324791455186 14.766626189469514 16.030512699340083 6.253543863736036 -10.574157145279747 -19.439483249062906 13.788985510149221 -0.19573382846803936 0.6642958347367087 -0.38956997303076546 -2.3321204859443507 -1.3860754775072304 -1.1300656227273236 1.6334283217570862 1.3480021637302622 0.8278312499975127 1.3152975339373671 2.2569394161618312 -0.3961224443739001 1.2060570959764763 2.1856049956687778 -0.5875745693552371 -1.8942760218132224 -0.44355932171814527 -1.9143681717632743 0.23899326862687723 1.6929128842614043 -0.3442022244174446 -1.896615007965418 -1.0827700012302823 -1.966391102425217 2.558728776252785 0.5913781119030767 -2.80813482240072 1.0440370852480603 2.813099723576727 -0.857846177685552 0.8495103359665537 2.6526641655089267 -1.2636803421714804 -1.1134677236992716 1.0760344366624814 -2.693620667053344 -19.406103716732698 -5.871505892506857 9.978734216279461 -19.17739509457721 -8.381101382481289 8.513508131384064 7.852327873328261 7.085440916763562 13.116254453107231 -4.458863238422696 4.624713808627002 2.756039455843504 2.8775504663723446 8.215251813017968 -2.119265854282409 4.037449907908734 3.4307850883788555 -17.600345745007406
b25 4.735615141153373
w26 4.252297349202062 -3.409325836881579 -5.059023310199078 -2.8344809445503043 1.824646381653715 3.2340536873307935 0.2010003119452366 1.2242413652662554 -3.0285980424341994 1.5447006896306414 2.559753996007333 1.2924206599686083 -0.7032916533747169 -1.2790260636563866 -0.027290695560963207 -0.413427588963228 5.708552977389282 -2.1480747271593463 -4.349234577186031 27.975211134446617 19.920466720412918 11.197901545577327 -25.58416270244025 -18.82265639933415 -9.076030105783415 -12.902383892668716 -17.490592771653173 -6.485004155777022 -12.782002123751262 -16.057587291028167 -2.0005133975977127 19.34824142438102 15.173363380961392 20.23184050381087 2.5068270657736464 1.5831377375907474 -1.408683834919798 -0.8291341638138221 0.5107785235108763 -1.4871078579179797 -2.309442189905837 0.5165338698079337 2.0068643580699588 2.8710117281762133 0.6342695170729251 -0.8256334420423255 2.2960124921624763 0.16159767500067593 -0.6457289917066242 0.02749299398603457 -1.3564851599557899 -0.575205759099 -2.490257265826212 -1.0325074485642036 2.1173700095548593 -2.0088231947478477 -1.4303487984688508 1.3320329696952156 1.8195299357564132 0.6015524059391444 0.7750766885442654 -1.3730859239646407 0.626918504451438 0.9258105208056885 -0.535526844274859 1.196228702912275 -0.3394313779120602 0.373168858150894 1.2893717535097935 -3.515936545341165
b26 -6.215870934165138
w27 -8.198319023653095 4.7842068275178775 12.09390718184736 13.279491812289136 0.1060705501845853 -23.286264692998866 -5.070272003027396 33.10305501011456 0.292317891452802 -0.9435541638415826 0.6353860475561041 3.1497133461842592 3.46565772351753 -1.256690478638027 -7.537394430362774 4.792159947141955 -2.3250997759716836 -0.11616539913690037 0.7164344684178569 1.1846915127264193 3.073709027200807 4.793481560743148 -4.685660933824358 -1.3736442691893014 3.197335763338086 -3.1273763827866308 -0.995450776084321 -2.7672515542620877 -2.35490795505273 -0.30018202814812317 -2.545778172397252 3.633860800888354 4.880787965852232 0.4496626257117021 -21.527750544700044 -9.096858095684903 17.294164973952068 4.0878145136334805 3.2856334514428474 27.085548453262184 16.188172366214175 -9.08466071686413 -18.878187977989832 -15.68177573127872 -5.640974195829005 -1.0677676366621336 -8.772371285948282 -2.416478328640508 -5.6627100769029655 17.3223354782688 13.77145832159901 -8.529850481060313 1.5756563149584557 1.1774595036136182 -2.9201595938307605 0.04819245169170566 1.3842108166672407 -0.8261709907435084 -3.9963398483135806 0.09368601058575934 2.68388966123797 2.32146250024281 0.3295770958276642 -2.4043441748612358 1.7111631215277767 0.02597798962243898 -0.4234031251732295 -1.8149988875143295 -1.7439238112816138 3.37541014335388
b27 19.459442158857918
w28 2.638654508587787 -13.260837229619334 -7.410766955800747 9.08422004659935 16.362290653942466 -9.731247847058444 -12.2351300232306 34.28829883064301 -2.9178766816616872 0.8410351060015028 1.46713716896818 0.14476754588574944 -1.244568631769554 -0.07763367775033198 3.159177430064591 -1.9466583085895859 -8.181789015057348 -5.129151510675559 24.023864290801622 7.754455918163622 -4.974828110463839 -6.847875969713987 27.92245606116808 -5.86608541469417 -40.01731433217294 -0.8781460549386926 -12.419480408525672 21.062549177023136 6.679990105858177 -15.036939689407474 8.872150380869897 27.905734788692623 -19.305103436680447 -19.42350460175416 1.4788574274381203 6.313544492024579 -6.8144147261816235 -4.127398423618524 2.538828054387818 -11.41502654774921 -6.26351460693117 3.6087031664484663 8.234559177272688 3.5376483453352936 2.956526007385845 -0.906793342378462 3.0053722799651013 1.2869817104914076 0.3594273753803069 0.3987541168131713 -4.32845728524025 -0.2671885013883388 -1.4076895108188885 -0.28786531441633917 1.649210883382622 -0.9350726541707024 -0.841942642947076 1.0078137436236154 2.106793732470596 -0.061222659854481776 -0.5500437235970619 -1.2738702613291988 0.990360358882623 0.47848909601858425 -0.918639832166914 1.2355291226609921 -0.6898082899102025 -0.01782149607208715 1.804095353931687 -2.174998195526991
b28 4.614460838694149
w29 -0.4938849692460217 -4.3346098580691885 -2.95294856697343 1.1755534519134148 4.1264941579031955 0.35247487285463724 -2.563785921035002 2.7818553416104184 18.132411791219333 -27.341180960269625 -23.794001102965275 8.002901241287582 35.678579019963635 17.638284926179058 -41.11688267288976 19.83414002276961 2.3931983745136307 -0.976221349768238 -2.8248021447514007 1.3921697798947585 1.167906927893841 -0.040062929118361346 -2.7872923925903983 0.08670410171140516 2.577726742998735 2.8003109444876086 -3.786158908435243 -0.2991391404737084 2.662115464238022 -4.129191461489438 1.4707647949595102 2.294166878801521 -3.5469292393878593 5.125598193712868 3.525755064610963 4.287619122038019 -2.680031943642377 0.4203881655342348 1.6850445774965348 -14.14347304807498 -7.591065421355714 5.3406004544358225 7.035033253444396 5.245510372297026 -1.9209743136904773 4.983353415476116 5.09782326687397 -4.227053349391677 5.822192352662538 3.1994816767659064 -12.87395575127171 0.4925838685985573 2.3960866128297553 6.448467862179285 -25.43521183021197 -12.107099342133012 6.345669309654346 -15.183855466603992 -23.650429149992828 19.395653241494127 31.7111364875716 20.165208761952293 0.15255599076025939 -8.44392714337992 19.533015945280894 -3.248190025267272 9.234961995188133 -3.151448673429641 -31.223070760983067 17.68121210235492
b29 16.72061663519997
w30 9.813858664524108 -20.918825976445362 -16.49826689017844 9.362696860244567 30.781399347462497 -4.345469207859716 -35.7343846739908 42.11085411794818 -4.411461957020049 4.427703247872459 4.886591373526963 -0.5045812782064562 -6.523926363727603 -3.7987005300228014 9.33056633864923 -4.615005566990596 19.913935612745718 -4.066644116582744 -27.590033886864905 -11.59091066450708 -4.192394928074097 -4.4611058667916135 -25.637907094243744 14.12623740960209 51.84467247297003 28.543469223587284 -11.702703862870731 -4.663387300307749 22.12595635378204 -14.53336166156742 10.922893378161563 -10.773987179693895 -28.83805887165992 33.30212368294804 -3.5491602249317125 8.922085395774257 -1.6585224793525506 -5.629644579125567 7.378334470197595 -17.258853510900824 -10.977037692040149 10.594454273305292 8.584665674706539 2.659347067495395 -0.7780615088597417 5.796497145444656 4.051780842731727 -3.936793554140827 5.961933460477345 7.438007467341835 -12.958641730567924 -2.770959794783714 -1.87053076693531 -0.15202195493113696 3.9350278551694062 1.2446923521777533 -0.7228614406075536 2.3972710332665534 4.494234072593672 -2.8151123286631092 -4.867881547528215 -4.98591996364533 2.409234999911555 0.823587141613736 -4.521849383808994 3.2857641552640424 -2.1738276438067383 -1.1879207202604516 7.281576343890453 -4.014792520426379
b30 46.45268940235776
w31 23.558851003236104 -6.138684034835562 -19.13502168502197 -12.959354511894924 15.837885471326379 17.000424990266097 -38.108165356849995 36.61181724364325 23.193272468863068 -3.9809860591978623 -22.259688661228076 -17.391015789795578 14.258948174211369 29.181701293935657 -32.32749783927805 15.447690141445356 -19.368294142005315 24.992303761137904 -4.506095040443829 -9.118889579623938 19.83596976304122 -1.553492446952827 3.354365321073471 2.9905426534381023 -19.216604060470747 -28.427256191666398 34.38292232237738 -15.202150632026001 -28.76292408830251 36.21018171239972 -16.82764774914038 -26.425126532931703 40.90203596826177 -12.018013873547906 2.640486720013449 -7.252983468231998 2.0929557020867353 4.820461072560201 2.218295335527597 -10.133603825637337 -9.83051789957544 5.855045907059335 5.295966535367879 12.262967041187606 -17.109406871540134 9.598682147117927 15.436198080117212 -18.350392715708647 10.274168537889182 19.095021185733042 -23.689423158860787 2.5988861457942094 -9.80458555493522 8.428916360220999 15.026495253029859 -8.638120692631212 4.409871388552467 24.442708476604714 22.40536938876717 -17.46903388953788 -28.39012072343996 -11.487848136229495 22.478665926240648 -20.596434266503387 -11.755526720657537 26.41894554710871 -32.73993128464213 -43.75191263181036 44.39019737119527 11.83529223981205
b31 3.321288426519557
w32 32.28452735035594 -8.42391467473425 -24.39771989513553 -16.048181454553998 18.30457150631392 20.05283466004483 -41.269156760972585 39.390913668994656 -31.82794005126158 1.4974517604874076 25.321767099852153 22.084870419166304 -14.387823149099294 -33.85809091858361 36.64735422144139 -17.118816137325325 -19.209562458879585 25.86602410357561 -6.2426873023140805 -10.71977606181279 20.146607099511677 -3.8779187310055447 2.0729685443051564 4.643676377454762 -16.057531579632087 -26.622874962899967 34.09623020708459 -13.909147669656928 -26.897866999873447 35.322891366335334 -14.739011274420148 -27.046008276844976 36.49965843582538 -11.310959145069052 0.6901810254633971 2.7522994307815396 -5.60171438998645 -8.666189290908335 7.425352122138148 0.9235709583350147 -3.3571730719294535 5.885677980174664 -3.1272381252248906 6.9839307265458945 -5.855231809905352 -2.8040849672551413 6.927556631470451 -7.584123540175268 -0.9315144848745129 5.427942188630195 -7.463778105855173 8.074424669596967 10.797843344000016 -6.640447665705545 -17.320885161442707 11.679339982316636 -2.320574155244626 -28.267936307204675 -25.937439445993817 19.389771485847007 29.260062655248205 9.076263007114497 -21.315316754169018 22.501321855293092 9.006056600969398 -25.392299846203944 35.620207946839315 46.5898927671782 -44.01227538677648 -16.013879351897284
b32 1.836274832759521
w33 -36.72882735508495 9.128931044778616 22.596153741646244 15.266583964050604 -7.292023818991218 -13.579399804489027 10.680949153309081 -9.937971223326588 -50.95074507591806 14.949034487533872 23.264147464726907 6.5141697154072356 -7.045366539613925 -3.523814622296443 -0.037762101440191195 -1.3218358495713196 3.84421155003627 -6.975059885036992 4.2365515541948024 6.016376104204963 -5.193364901376548 1.7434646078196299 2.074106753130624 -2.2487792243465323 -3.2419344101512935 0.5514310877585022 -2.672457384030138 1.1997137684190244 0.05095152747275514 -0.550082382440188 -0.7430352111129326 0.8839852262235853 4.278836558271054 -4.100990250816003 10.836827849340745 -43.73155489348232 41.77256887574455 48.01882674157135 -28.818012083588904 -36.454664404492696 -27.14207336616546 10.083672013248412 26.057233879959078 17.997034942923452 -45.91863238760114 46.38265861273931 27.350985289605198 -43.88765619759335 36.455261216485425 61.426053181602235 -49.60043536693069 -31.174884020245752 32.31252267285148 -53.28927338089214 25.74576841492131 17.766379784098632 -44.35102606839703 37.256442360284055 23.126862041410984 -35.76525207451185 10.820707743778751 46.04161133878214 -43.39568524458172 -2.7385405017370212 43.92642111037931 -30.607462245261345 -7.1516533803618465 -5.367601200443868 -15.947162683753316 25.546166068563988
b33 16.44295540181098
w34 38.127302600688076 -8.471326259849807 -23.417743801271783 -16.43305155639849 8.92458395496753 16.739339485320613 -16.493663897143783 15.201160661605254 -16.432252383890933 9.900994955695646 -2.5482854318096146 -14.479111354187944 5.085289367856255 29.355441274946994 -30.304486867692027 11.213765876329887 -3.430769743592458 6.358830997228791 -5.057280943705593 -4.805653647733679 4.7417903011199884 -0.4900122646522651 -1.8825661124552715 0.7941331169267604 3.687150392835794 -1.256914108793586 4.1423924744858285 -2.6907597006985173 -0.9166557139532648 2.831593486061533 -0.23362439182863512 -3.7431035806111246 -1.7373891625240763 4.497569888510812 -12.243334873908736 37.23088988260716 -31.152478482366476 -32.47727218350109 23.57531353484156 16.921289274260065 14.027710030432964 -2.889753773138699 -17.383496499226588 -21.396335062127402 46.862627308258475 -32.81208737836702 -27.94941728769585 47.26853331311768 -26.326135801092416 -58.856446717498486 46.554585260532825 12.407325149250143 35.00457091853486 -57.549306412084576 34.937096574298955 6.485317451165002 -51.88981442369982 56.795516934917124 38.52580617848544 -48.558533486527104 5.797453260596726 64.83599283948118 -48.55185645824529 -16.312161557360668 61.6042502750006 -38.51790556522884 -24.440258410491293 -16.47832448048409 -23.73408156844513 53.27646412045638
b34 19.565216151722574
w35 -24.41558219472019 0.3525326311017745 3.879950106578914 1.6408957438372955 7.932319452962294 10.311128764958145 -36.08249587645233 19.556840190592016 -12.98791976750817 6.167378390405257 -1.0433780963890846 -8.119128353850131 5.312520230786345 20.630156032854437 -21.095806871438175 5.865958770589317 5.103322617611429 -2.072769253864027 -2.349008601669842 -7.383272690641021 0.36001395968840044 -1.4939916355475025 -4.980966904460469 8.731296208829098 4.621184547620222 13.743431508385013 -11.672264789600524 3.418389366042703 13.094121962232585 -14.399867357160428 5.445720057955698 6.660721308367462 -18.142961015063158 9.258974589019038 77.12132257255712 -53.487440230674544 -41.04880806293203 -20.669184603357316 -76.11625308112954 106.03645314969076 76.7900540465028 -92.98778941999204 28.417961881678526 77.32440253049337 -39.406188998766126 -45.527907338904015 57.44030076843305 -39.18317476916939 -25.487180259106037 -32.032683703447184 -36.78819175276374 90.824052390117 15.946761291871386 -16.744896286161342 1.0205776497650745 11.244920178766268 -17.15338291833868 -3.099951674330891 -4.41883736910806 -2.009858421996022 14.75909318048597 4.718314847176456 -7.063334074562547 6.649140372170516 -3.7878592772425503 -2.0886672257578636 6.459960025394781 -4.18053077144107 10.928337731781314 -10.449303634069732
b35 2.3842021616057503
w36 -33.05364275343347 51.478977211606505 12.665852101167209 -53.05444086426693 -23.277499452451433 77.90603897678531 -85.04686412455706 58.02587817796492 2.8020968261180013 4.767014971213463 -2.7634502848075337 -7.091226382203797 0.8394927151416528 9.714525963647898 -7.645909378613907 2.938938899888016 77.30105724127964 -117.52507650796517 47.73162073237353 63.60553178990779 -122.6527789209014 68.4223354297462 40.69261527431544 -65.78447826918548 24.411314927059475 26.383353959256475 -20.468220218671153 -5.420742907529317 4.131523040632418 13.049242262322904 -17.741304978781546 -54.36067942344029 67.1031007845354 -18.037974978365096 15.705110224109928 -19.85184763116273 10.003502438071562 4.8729867161302725 -11.292129491231142 -3.4385269689703657 -19.749805086962 27.26551312307511 -3.916052215905237 -0.22686446131160853 2.742175899121717 2.8516357904902923 -7.05460792008557 10.977063723790135 -1.4616782856878536 -26.32664754704717 28.787203198148596 -13.44355970906183 1.5446574293587354 -4.193653383016193 -3.3691976203395013 6.365143768796285 2.0709375978632885 -6.576403634417975 -9.30623309195488 7.7993330246807995 3.0292009643872295 -2.6839278018317025 -3.212354384727256 5.319736510495983 -1.5783510723176044 1.9711611841324783 7.4545755237551115 -0.8773107894556134 6.229598642226299 -10.88059896774902
b36 18.993865914814055
w37 41.73630849827055 -28.747840294909842 -36.83304434336946 -7.862739221680401 29.692924544614122 10.728285370659005 -30.81972549171796 9.103444999450112 3.5598683931525352 11.890856398554766 -5.289363591126957 -19.110548003780714 -2.6462608740208577 25.408496068014387 -14.14677449697046 3.9122317933047315 -11.36553398667356 16.501974193618242 -6.878991054489118 -8.602227566525574 15.866407461069983 -9.617422608107798 -8.144645813678986 11.840966882646473 1.9035569522776052 -6.982466912381577 6.8442379416688865 0.18953828748484755 -4.619972193801914 3.1531863960246245 1.8778703251779691 2.848975968238618 -4.880671053017595 0.14053622217582906 30.716984524582273 -62.72888596267345 43.49401166692099 133.4425198335269 -122.47235689488893 -38.3882261636308 26.120357587497303 -112.07836018609714 110.57756162830336 -45.321003317731275 55.88669708918808 29.0775359202548 -46.96007800678793 80.55814902931803 12.37053996937908 -43.23801947767296 77.43992452170498 -98.13713733019193 -5.953114210827606 1.7885635519849383 -4.891604268246766 -0.7033448721896072 10.31859383398929 -12.79723735986361 -15.158861501838967 20.362801093015218 1.7838651721737961 -6.341887296326734 -5.14324575543406 10.351935373594788 -3.1540970665588643 -2.4295130847161523 12.057886838069544 7.359229945453648 2.4375772159695046 -15.542044119057742
b37 19.238594644139244
w38 3.6741422293555557 1.1662258754307313 3.1453681981309214 3.6907706190978113 -3.7433190014828237 -7.8104538803928545 13.105876704049033 -4.804083232155018 -30.698443614826743 77.669785071844 -5.198057599171259 -88.70182611060447 -13.298267751987094 120.20217752489853 -79.9021941716281 26.870892305746775 -10.213620847449674 14.521083482345503 -4.591728704127105 -5.619495885175987 15.801004940577851 -16.230110507600912 -10.104649201932446 13.286654479510135 0.19072752407377827 -5.423344417295426 2.6078315466718425 5.941274219120947 -2.3314940197259264 -1.2989081890007284 5.688882125403766 10.037544925917393 -8.893460831393485 -5.779009384370322 -8.703948057938847 2.109392144903108 9.325792804927186 -15.094071613830232 26.487306747291825 -8.070707162263753 -30.495702008045683 55.877590460615586 -32.372643801993185 -5.527180220175617 -3.53890396692726 4.004764284178121 -5.822955074066651 -0.9029488468924415 -0.28594903658632737 -3.2008937972204494 16.172857898592184 -7.861857016733101 53.56438048801328 -91.20164919276073 -13.435469918726572 93.91709629877263 -31.41419081877177 -48.09087556100377 -75.72284069201655 44.966385086888806 50.15763228408089 -13.813433996515014 -47.85876111097892 58.46639814335695 -19.946036099840686 19.942256021209573 70.07982697450902 -33.798877851506475 103.19841988585351 -120.15622599341994
b38 2.6610840657633195
w39 72.6140730732391 -91.10897395576096 -55.954415654141634 56.54773730366639 73.0373620713903 -88.71632996809441 64.79071413427606 -42.39577129426951 -4.073173793045098 2.2615325547482112 0.7951413844386643 -1.5241581497205883 0.8611081959993951 3.844797984240179 -3.9246956506593187 1.2338946009404639 38.27341486128009 -55.90933306023643 22.42688483992297 132.4806778332188 -99.83456217160366 -85.36958034297938 -37.98644648725069 -53.048306809582456 158.1730947131056 -64.35190979551007 39.17965360747328 59.860662014485904 -72.49702603953517 59.739478724221534 35.58048589178744 15.214168395058524 53.18852484373122 -143.69598820981176 -26.701780599602376 32.05098600666202 -23.273843103271194 -6.694944175554557 16.908508549944337 1.4095968558155882 38.891750882379924 -62.437891999850436 25.001351429919847 0.9223289103162986 2.888379107068756 -5.649408442907379 13.000181249178304 -8.471013732226284 3.7453330780078127 24.79587866497535 -45.84225326362348 20.46199997529866 5.8767348148865945 -7.344267020737809 0.36315328120202606 5.2238900134381305 -6.073219149649257 -0.7096674661030403 -3.070826785756777 0.14234188417273266 5.235675037667235 1.4324357421544838 -2.479858127388655 1.9308183060161248 -1.1369685992971021 1.076264078580123 1.9576484398418836 -3.9576886891601375 6.654036695060074 -4.740054267273461
b39 -11.544401577618547
w40 -56.69863438146566 76.59862279132696 43.144275647371956 -56.123206673971815 -64.48668167477072 94.40320179784139 -72.5689189885799 41.64407963395844 -45.561976991924325 62.99804082421701 27.654618304568153 -39.89007199841434 -31.897593602306017 42.64974575484758 -20.753786227952837 9.471250547447898 -24.400979161011797 27.169498738544487 -6.7848394792327555 47.790128868855874 45.553509137247175 -145.66617130608947 -104.0764477234525 74.77884305856813 81.63114353106072 -44.61169724522134 -4.83064934263365 83.93363026320273 -29.864524972763594 -10.586693454766243 67.27525498762418 87.97603159750145 -37.35536652721978 -113.07688300815133 33.32182018153139 -51.9737339033049 21.036990152400804 -3.1527070453241217 -11.538245349627255 17.131439908593947 -44.57802562181236 78.64240783444501 -38.35616238606811 18.917733934670174 -18.88503023738521 1.9775120237968928 7.317161686788829 -1.8672001914591594 -4.849531156539605 -32.56274925567102 41.035814962794085 -11.220091751627667 -32.84892099348764 60.05568819614666 12.512839429979481 -87.09932747128539 62.9368279157689 -0.8048089872365755 -9.748171334333675 78.4055139262241 -85.39082964228227 29.469896699731642 -14.853463903838374 -4.46944611551618 24.17916575520699 -51.91708759162753 -26.484514459567418 17.362528872180757 -35.34121401584645 49.94374167552672
b40 -2.3711136081397015
w41 -32.29026585736313 52.626724013748344 25.917242810712604 -43.40975201049958 -44.78365664321751 68.60117780585743 -49.22948733727583 26.804869755681445 95.44548245369366 -130.61556054782184 -53.978295677099155 86.84479895329402 64.32827966729445 -95.37778499860072 44.490076061023785 -18.04057316327379 -17.357344235327737 16.138318628722388 -3.70533659212452 28.367747121508913 31.680231618849763 -87.4703568725987 -64.27240397862649 48.15719968151085 45.19679225071702 -27.5613483733449 -4.62801422187573 51.6000732582294 -17.283056164861648 -7.215895414462496 41.679390838280305 53.732512326614966 -22.92547466534292 -68.34214691024518 12.394450968600392 -17.185543611569756 12.625405741741151 12.836367264260401 -15.937601800759712 -0.8674900117950224 -19.58203475252685 26.64745490425041 -7.261440587259387 -7.1073012149314 7.8101965818159 1.4544346470807001 -12.698726079079966 15.461265762170434 -4.1855033856941946 -18.226648965012874 31.731488775415045 -16.913757961940078 41.64495439715391 -67.16714734876312 -21.728093040937086 118.1158130981098 -98.97038448702907 11.98741230518718 41.64143306497946 -152.40344004238614 136.30356919029447 -50.19175612468249 47.73714232988607 -10.21917036197831 -44.847357513532586 83.93844236347707 26.547044229182063 -13.269454724688172 23.95155009236662 -50.31116664483488
b41 11.962623626325364
w42 -94.09287072513389 139.3214824513989 73.32146683204435 -100.46315535568353 -114.19419292145008 138.41514908845093 -69.76127223532151 31.30997968857567 -0.6261174102173698 -4.8174152776963135 4.647201271058147 15.761603629848132 1.488242741350624 -30.88528981997772 19.97229250094635 -3.71930623248898 -11.444110195598558 -1.213805841134871 1.768818932944303 1.2693484127391257 28.56356527635121 -24.076113567239357 -26.6075729292088 32.64577378327435 -6.330382944934096 0.617794273734755 -19.40798175851131 19.65505561482576 8.894987553353346 -16.557314408463537 16.565889306581294 22.680793234891656 -11.378948191079823 -17.609685798445117 -198.8139273746837 196.198097660827 -87.46530084716358 -5.591532545731191 156.4032742305391 -106.63907914361683 165.81424125415228 -302.5649984784863 138.8007691113932 -63.61794297682501 62.77647247626901 24.614813487484778 14.879056787191578 15.976422799638335 58.598585198567555 107.12054613043645 -175.17899015032845 -0.9995766943699578 -32.07847169711711 -78.7778554643793 10.716926808347472 48.53224856098622 56.68167462816425 21.996186917475374 -66.47039728993893 90.37422983518249 -70.08582349179642 8.096446195275265 -79.49054701012635 10.416390491110356 81.57844743863336 21.256895764925048 22.07984932795759 -68.99050447939247 59.75791613744727 -36.294520950690604
b42 3.693797861844724
w43 -31.549175431299847 45.27379245138109 25.316785952981903 -29.292386643958015 -36.76449595763294 37.98150086254494 -16.350911762238386 5.721012431796633 -115.55202867213089 192.33780562708958 68.30727774426062 -181.87071905519863 -139.0829695893188 256.1827902242024 -105.87724172062751 24.095251381106504 0.4683871844552931 2.0967620260619184 1.8876359603302661 -1.8100867512588235 -0.18246299098594942 -1.2531672834614331 2.7989908267239545 -2.000022460254038 0.10723443893492327 -0.40786950012604495 -1.4415914321089363 1.0896448112441557 -1.4333706396408832 -3.453091483232405 -0.2374149999345871 4.296479032621718 0.16328989926810603 -0.35150983642710165 -60.47781675795799 67.92944512131072 -16.350769962865346 -16.160856971849544 71.91310267301962 -51.898996384309726 52.87843125190496 -98.30948062989597 46.870295642186306 -20.467539168532017 1.629206497535867 19.275678375117018 0.22205659681410472 -17.3953680162356 25.770446421781138 52.846067708406515 -48.7017879066568 -7.418633204030006 -67.55715082197392 159.3446712740706 -119.05348790956059 24.406218473718376 -4.355969252418877 -26.370936682862716 154.09424531964223 -329.616558243913 216.209081028224 -125.46462984089719 175.85896654201113 -60.55939129989479 -94.76508812297007 60.49292360732701 51.005645780588566 195.65362714792818 -244.4634365226163 45.16639643303997
b43 23.368394412029232
w44 -19.170576205178435 29.396318450472585 18.711206286053844 -20.595638269094064 -31.61658677282332 33.638965436426126 -13.891322126403407 7.407037538372196 22.401676554014877 -20.477468281081848 -14.75757011302542 4.195101092243766 13.969572781272188 9.194182395347838 -14.758588713304729 2.350673182452064 -1.9584730057133217 10.784915853621008 -1.3410770128649416 -3.449807459295132 -3.4709313901397234 1.6815355120595035 9.580211377926023 -11.49264820313775 3.603641120642651 -2.0686003511895334 3.063640501325922 -2.8613923913604045 -2.5909144264015542 -4.27036360905817 -2.2468912459722303 10.782465027249568 -10.038184310388795 8.95333196009815 -115.83910170800048 -9.939861227447409 -38.384754390870036 43.12201166514347 89.80240371770903 -19.6475232738385 19.526607424387535 -61.875429881431884 18.524367428026423 -6.666052437207812 21.083893175979753 22.21659106344086 56.98942122623983 47.94330473113016 44.847962189010765 -17.441122945209695 -62.62253832227169 -35.03086897669574 339.4321286814108 147.00337265472908 104.37400864461154 -266.46731424902407 -312.0539507477896 -158.94127230455499 40.32884634031161 79.62950980556474 98.44305531444066 147.61345052411852 116.42785027982221 105.88800108841912 -346.99697966914727 -238.80991429476862 -130.26310717317918 80.92957988786095 150.5459232191769 14.177409517368327
b44 -6.042312031753543
w45 -29.556929533064483 25.81216042655747 50.78827791742532 -16.789134688772148 -98.43354498176768 99.55162189079542 -63.18551480063476 28.65289024442525 0.1837753337008667 0.18503035441875818 -0.6852724219405592 1.5662375693750428 3.359161288877357 -6.10228957180664 3.590012711962132 -1.5869450744479896 -196.62510129652986 257.99056780510756 -155.1839024318064 88.4474075678256 -65.96132101648227 49.91757883472663 306.79673735991054 -565.8961768957274 275.25542465258974 -135.23347831829852 206.26050469962732 -83.73166115442386 -25.996641516953822 84.7187125237412 10.939162512399735 203.04148455971423 -348.662851663404 147.31520933217504 -11.19504886561467 -38.41900060631751 -1.3228280729027786 27.676498735240973 -8.771344760783997 17.482888198609178 -19.521683812320738 23.850634638057944 -10.143847283383247 8.471941212799397 -3.179073732602946 4.028574045328148 21.901987944514172 12.55539942904641 8.535351627905401 -11.50851825522046 -13.118713788143157 -5.989013089085885 -18.130599212315037 -11.440735401748087 -4.770823476658748 18.94781304715221 17.14996917548248 6.1239238606635436 -7.850711954139193 2.1740780888879496 -6.74599070977533 -10.973038009691473 -7.7633854027662474 -3.0107724918105623 17.028014994876198 15.308821920625736 7.8719863525185945 -6.506907988976638 -2.791946388540116 -4.589335629222358
b45 53.773042845916386
w46 -26.45715174503714 60.94725154524286 -2.972547220910878 -55.49115735713473 9.362599698830705 21.269107891337214 -15.909717455310124 -0.16553131745105792 8.757786658460791 -12.021453910754802 -2.330925572373432 3.1054706225311217 -4.461308681289336 15.885913414455393 -11.737111832796618 2.9151566822615496 -71.92676394280203 -21.69090230694162 -38.30829633056151 49.313793718115825 51.762769013576396 4.746672712467919 10.648880593486608 -59.933102385444776 28.863887384374078 -14.67500537097877 10.098237530151263 5.439901873601834 43.35445521688002 45.03702891099718 33.61717733187937 -22.127208827761965 -33.693438025628446 -28.831369631284453 487.09334417335833 421.4603471337953 242.19032174106704 -352.0459641050832 -180.61371123205166 -238.58767276181698 123.23037491756315 -110.79032449044688 129.94049993546082 -124.09293033849204 -120.33443993686652 -8.370840429497125 -469.25069184454344 -387.96301095857126 -160.92489232010305 374.29669541121086 320.3189699816604 88.10573460737606 91.1538493230309 21.101704083984977 45.229075307977816 -66.17408606871123 -94.03933843993266 -37.061961775353474 -2.0587603231619944 52.05620194656831 5.717970311346746 49.46188722834308 22.94738431215238 30.06790606440592 -74.80047997036287 -60.986626258642104 -52.295433998357964 -0.24141658862261947 49.06728651070177 12.18858674606575
b46 -11.029959436832305
w47 5.225951351904275 -14.425457398320798 17.052802764261887 8.774870465050585 -44.756324595498285 40.30330758053991 -27.557348955340615 12.80746531420637 -8.377295707918764 33.34943228782181 -34.06649176493736 -15.621372960763612 59.92907752351938 -47.47853542407804 14.573136996871684 -3.1652050914752996 672.4320099875023 600.7200429235357 312.9106427610217 -560.4125870603732 -487.8950302539021 -291.71145524593715 153.90211218370234 45.44719316880799 130.2463560708782 -13.287028146643586 42.153052004565104 0.5237966701900233 -642.0314754639667 -506.99514282047977 -293.70729542358754 421.53642910260436 284.8046892883762 225.78114287687453 71.14538344691852 42.68008912281126 54.372486660536396 -77.47864290485651 29.514624492093205 -66.97346605141064 31.469015007717807 -39.35920935953753 29.15519297388656 -0.6130521104458863 -45.760958836250644 16.0169337285564 -51.17545976545295 -74.36350606220783 -14.319032409280023 24.883618894887263 89.33174791474367 -10.36619174573986 -1.472847237360648 5.31094847650854 -7.4303177466748735 -15.70817807089729 19.693597018881626 -5.682684071839166 10.920958833163061 -18.22793444960014 10.61395762735729 15.70518876338566 -20.26892384050023 5.055082859421985 14.876017001457345 -22.75069476157148 13.838687109394762 -18.48535604599503 25.922956195966567 -12.595551827490384
b47 78.01531514542893
w48 2.019014941955164 -14.119792483254635 11.245561640385532 14.12931670817491 -26.0580744445086 15.840407956830722 -7.362737999016143 2.913133054061598 167.73991165181795 -552.1489115234072 418.37360207236475 327.26037817255434 -751.0994044276255 537.3581663393104 -175.56622019946676 44.09016609856058 60.127731682699824 49.73727314545708 33.772600832895584 -48.32059179056641 -42.569808419263346 -28.965031924849438 12.86678076442163 5.861672828345358 9.912121940327433 0.8072156388456041 0.5497876516652397 1.0436425310923154 -54.12379507210309 -46.68152753544669 -29.684879229163023 31.8270420405676 32.32734466141095 19.683530486392055 -26.548059046405605 36.9873870003778 -17.959883430436356 65.67239612687834 -96.03626552722095 41.204986057685055 -37.90364643974144 56.85806817591654 -23.151781120930682 -36.03218652744379 57.05921021542185 -26.05527286424039 -20.269306862496986 39.441631369118554 -20.05967907422134 54.75381665158616 -88.33570811489878 37.55790935506017 143.53574216980888 -356.7648118727143 220.77525469741778 376.19429776347863 -583.7603478305875 285.9300622657305 -363.36261370012306 668.4350878212172 -358.28750499410967 -227.3403496135065 347.88727161872936 -147.8539925612889 -257.0542025743168 545.1779888076809 -296.7208735049661 295.25297962335986 -542.4497118858343 280.62014804688346
b48 67.41094807075993
w49 242.44243113841492 -696.9954938800049 323.33842487686024 630.5139733550587 -859.7489563765272 473.50784528884213 -203.1678942770213 81.4588303434944 -32.88812119895902 59.31467738654091 -1.4054014559685117 -42.4545108116476 -0.03777465430017118 22.098792975166468 -6.235177433279806 -0.18280125391191093 70.43572504527653 -51.42506979568069 20.506553413105593 70.95171073784654 -173.8998148861434 83.51109885715537 -121.33072813172447 222.418795772855 -111.0433927929818 -41.73342673256404 72.12380703713472 -37.14301008913493 -82.177117160108 78.0470345337001 -35.57166578925832 55.078055146042175 -59.581340354530305 39.35834893209523 -101.58089008996791 505.47172980097315 -115.24816704661879 413.9017591583417 -858.655104652273 284.13929507514604 -221.5003667684677 366.6160251563677 -125.58115578836848 -325.65871997797353 462.3642065445343 -255.90727091072958 -286.9306695845872 207.7421034731835 -243.66606965298618 521.1819806406419 -644.7547760219148 393.4748940047575 -2.075349076895493 75.73840735310348 -5.215529449729438 -64.14224375330033 46.498028785267586 -87.74722979422721 50.2448127632688 -83.88092872063692 70.20647181787636 34.851422699723166 -29.354618394436898 49.550541774473885 12.099113918046493 -105.54030842591418 5.9191917760878265 -33.3746998664341 90.7708497541622 -33.46946330968878
b49 -64.85781647181011
w50 410.06497586599454 -1075.4914384785616 398.5043122602489 955.3371802841507 -1099.9866823995944 510.50924005588064 -173.48843309232834 65.97659574165853 -59.55114421963957 205.40232638955274 -165.61726530389944 -130.8645170952886 302.2030179863679 -196.38066771558772 49.43635620034416 -9.071845856381941 -20.116933795023606 -144.65528734281125 -33.4480631881947 212.67942520658775 -247.58813270512482 220.23256741537122 -201.37245036313533 345.22003605608927 -209.86458035104673 -78.0366850401842 157.9104588537866 -96.64257892786581 -27.252740941972935 235.12406074076807 -34.41001894871249 50.317761344021186 -229.53254534833107 98.61107947860654 228.2689813247466 -468.30914789900874 82.05108231020772 -525.9097842510897 891.5920196436659 -301.8345831954297 270.5372055364556 -425.1414417131438 153.35483567876463 297.4561114082658 -490.54559473085465 285.31440114289364 166.06774835579245 -256.08811598250503 295.88879482010697 -408.97961504816726 671.6796133193137 -436.451585874638 9.322682183528077 -119.45218929299342 67.84597840008445 165.72570437586046 -189.68367142177357 104.50936318779958 -119.32701902900378 202.74588194695934 -115.79733665779409 -103.16665343194192 128.80865714260423 -61.11486782654256 -55.592274646120586 205.3100388368542 -101.13971874430042 104.22176177077517 -217.2933457547221 107.93392210313246
b50 -10.484143526617782
w51 112.82063802854624 -294.4706381588996 98.04259288342946 265.82150806149895 -285.1916769138575 124.84689661918455 -40.0398737119627 14.15372634439862 454.64864915487055 -1339.9346239866206 848.8511230277759 890.5109443894141 -1549.1470526446128 885.8173246880147 -206.62352141954435 39.784375958073944 12.328283185314557 -11.387623347905993 2.402295597617938 34.39686435417573 -69.05636110423008 36.55224736853333 -34.00634504288208 63.456334625955215 -35.09534915921917 -18.5786269055168 37.25470544983885 -21.218053655976362 -22.981263051163406 36.5939309731646 -17.542000820642606 22.82506180630152 -43.27230732902549 30.013984738475678 112.2218019545474 -201.00959798537016 23.59310015013321 -199.9510428883587 316.45675015623647 -90.40963727361884 87.12328841362152 -131.62830602044502 44.22894982752371 117.32271202710459 -184.75831668425772 103.27596278483801 56.06411502263281 -88.19155504248754 112.75750488007091 -152.1763538767112 247.23489227271693 -161.9348561592199 -25.76037746867543 247.51756870556383 -342.76405405924527 -570.8553850225735 786.5593867877038 -116.04432950834642 388.6564154196776 -666.2276989980274 267.89833119477584 388.93497810587695 -559.4011747055249 81.05008381792013 234.7277808862391 -577.0337098037409 527.2444924041895 -409.42539970997393 744.2696610446174 -429.3508691988623
b51 38.914895671176616
w52 221.0417273405279 -585.4069857352198 211.68493113561328 556.2205773610632 -642.8937474241914 297.3336437350833 -96.29016484968267 30.80220475135777 -5.802967214157662 19.538035383076892 -14.834231850952754 -16.81717795061709 31.52625865715476 -18.215981555655635 4.765459379360619 -1.1949437436341952 -5.2369208610228855 24.587345422031138 -23.960214764005865 -930.1672409025435 1590.8359226243992 -725.5261354509986 849.9758457586884 -1503.4015581582 742.9925935813397 592.388680142718 -1005.8123140586479 479.39671943480926 525.0388031037529 -882.45895478703 406.60190930670956 -832.221028630901 1399.9893507057297 -795.1487243785458 30.013822756330086 -88.08909380938469 -37.50744846875906 -38.620177609131275 82.23078446305928 8.885205550294224 20.94923803366365 -36.04234969217032 8.412598301447094 25.115469271944274 -32.238687229953186 36.87123264182823 9.883555230319946 14.545615222343669 68.06926347913306 -34.956560705187535 36.13784068002303 -73.22491765994315 -2.356525229403204 -4.634840708288598 1.8082341345497281 11.413569100709726 -7.877286169529028 3.3824952342466443 -5.185235335978111 7.02792326868314 -4.116465806407347 -6.536115941935973 6.091860563466587 -2.0898210054546875 0.48763188515593514 9.232570625216363 -2.8864195659912997 1.6802992767493712 -6.029083943688234 1.7841893792621264
b52 -110.84968873525034
w53 -11.51402249063404 23.39204114982363 -4.051392370325499 -27.270925998193473 37.23519535081613 -23.869516866396488 9.783885527767431 -2.2815249005805027 66.58097942733879 -241.55427716329143 195.90724862580382 149.21870141794452 -349.11492090611176 221.61880649036027 -46.884899758616605 4.529210141928995 -18.077612881159077 25.443189180583417 64.42359833230537 22.094179746572426 -26.021966684518148 -56.43248523740473 -11.033264951179113 12.75218743259328 13.397203167010215 -5.035463601449468 4.256374350542755 2.1098752641060567 12.065658548880009 -19.80824701403543 -56.830367293728465 -4.66168035078615 11.872175041394007 38.19123734164994 337.27591441851047 -227.49439529734593 -535.3153852962141 -245.38123421611638 145.14627709753464 298.6270053280327 34.638065772607824 -2.091564378304577 -57.26723601758724 -38.76152100619819 5.592674382344259 160.1104126124013 -264.55391643633044 140.8766850972432 510.3312581444546 183.1110750921875 -72.85973863387864 -391.4893937215702 -1471.6565125980324 630.925394874525 1697.9064740135634 1474.5561293580408 -347.0304851295422 -2725.9846484332097 -194.88077869407059 -243.87505847971417 953.344414307148 -695.0113437219745 251.4956983166464 1635.6155618375083 1634.568713673824 -671.1955305482629 -2394.072068314723 -563.887111430042 192.4517372809606 769.8849067094194
b53 -71.77257264893996
w54 68.59271501931046 -192.78395006758439 105.0783622101952 116.33306431873581 -156.3174197770937 74.15048664094158 -22.998198066480565 2.1921526195532803 33.72652405888616 -109.563274828432 80.63160514660056 64.13383796873431 -126.61594466081108 70.09011317429004 -13.917143843994989 1.820055234571665 170.87046034346676 -79.88566349505649 -340.96319094757007 -160.31444978311308 86.86705501724322 279.07279310148436 40.9956438372785 -20.52237596062655 -74.5078889941001 16.969341958777104 -22.565614561530136 5.121705225959926 -140.87414454223872 51.28290308651746 315.57796536773554 82.76918360515086 -22.73007470432899 -236.2263872623338 -1926.9013896038778 664.8200645174626 3267.4598878564693 1136.8418132726158 -78.07674256004192 -1913.3755864404607 -60.74912385671381 -213.1697226300878 375.7392649100306 535.4314869967789 -358.7479055188044 -783.4806224922612 1862.8619289223218 -794.4231433651496 -2870.8007665925766 -1510.8682667839655 698.6996674097097 2094.236440428643 -335.6764279180387 130.06932055056078 403.7224071486964 326.52481953012983 -48.78322922381882 -642.7807652051985 -38.00368556663704 -69.87647772111674 222.33082019493426 -154.84612584982776 43.77851717020776 384.61369900637703 371.8353824500785 -133.8312942966205 -571.195629227559 -124.36605480828969 30.66423894669987 189.94682924722375
b54 66.3535837355904
w55 34.98952291394364 -88.40620339441543 17.678241652534943 119.6154291302242 -140.3644757171949 73.45799069400789 -26.587567697053128 7.491339245844213 1.1522621254044219 -10.899703453243346 28.18453861431004 -38.061488033237595 30.307494369010666 -16.9988009898136 5.822837808811522 -1.6907052184337763 -2205.720312788765 545.4792518702267 3473.9441645079287 1809.3095492483176 -383.93104024326107 -2910.9941066296415 -390.0225679206034 44.944245846235226 765.4316190948736 -19.483474521398417 -9.910702395859223 21.926319330049385 2010.730751736602 -507.3001398293777 -3141.4607015408546 -1261.1154829942504 320.212160963659 2315.021460926441 -199.20627096089018 53.561523842492335 401.42342028968267 119.92884740146211 2.2355430006890473 -233.30164549010138 -7.164477321455859 -24.995864358898107 45.118322166716 53.78615040274457 -32.45837319001836 -99.46921013585492 191.04479429870085 -67.10490042763816 -356.70361938480045 -155.70928905776154 61.43270254659963 262.1183266333693 -2.5907672948077876 4.744810435895118 -3.8024612690264252 -1.1920056313084963 3.9454628745698743 -0.6895623082596258 4.133510788457663 -8.205318700727343 3.935549846271749 0.34133199607339026 -1.7969613755537996 0.009459946359160745 2.707694663301713 -5.792055981987137 4.956693030879797 -1.1742361638144496 4.238203542030817 -3.226137275897213
b55 508.2808106417161
w56 7.423975696938613 -27.232373075560183 37.5277208142561 -25.85268017795608 12.951981572560184 -5.355909080631941 2.0521844899108723 -0.6577767736063245 -686.8528531614566 3397.579406002654 -5908.3536000188715 5416.914509975457 -2852.287149791224 953.7367361436064 -147.7575937351857 22.00695967282438 -4.932068217039638 -35.43140833020881 48.50254410568014 0.8364091504867459 35.44758374796177 -42.65567193472476 2.90575144394519 -13.669577668895219 13.550675506716692 0.9461972837597196 -3.0551217357137537 1.2430031276409668 4.853480020395044 31.251745007696552 -43.276210772840734 -3.5962597618042147 -18.04132331088609 31.057571288768994 -46.218059782389005 47.08138103073886 -12.118195058281865 30.143154985118446 -29.002929728412717 6.95867465479836 -5.208186704564762 5.595970532728066 -1.669212387330656 14.344397605400516 -16.79569028300031 4.148162886791406 47.184781540170874 -49.248827125158165 12.27719629749658 -42.33244163640234 45.53676561321568 -10.919019461066133 -582.5253984470569 1019.3268700269391 -473.49004454014175 687.443509709161 -1257.7443931003525 706.5681446281919 -178.7950145741216 352.96098048039704 -202.887385709412 -313.5543485165787 653.0958946625719 -438.0586041158601 658.3248359224658 -1223.9805959465118 646.5467373499076 -229.4130366471206 397.24939190500476 -199.22772927400942
b56 8.900805076455052
w57 -868.427918271487 4142.3679925997685 -6711.069417135862 4993.256179800911 -2135.3783249112053 585.2667207127313 -128.0581719360643 35.28785138297658 -1.8257619639046103 15.893147929000426 -33.60795741855041 32.891245281489724 -14.632133548855984 1.965988150261523 0.6710708677458394 -0.17287400597757768 -228.78772916161645 425.2246634935291 -239.55931638490026 210.89441275023614 -392.87903138309895 212.20468671945358 -57.37005254226728 108.9692381986366 -61.494664651176976 -17.879812913605722 36.603336110228845 -11.442094371590175 194.0795629379264 -364.78443082004355 207.46232546110852 -107.80777254751983 202.0448768349442 -140.7384788197117 -321.14607964238786 547.4765003842201 -286.12946674586 219.51512740319836 -346.26415507814255 150.49015467715307 -35.36204989703473 53.084179683017965 -19.981277974544017 79.32642769457777 -151.71293537592175 81.46023931646305 303.68059843903626 -517.7516127137744 265.96833688695415 -244.58430046070217 416.26732403253226 -199.7753834096684 -11.691340466598048 1.7702289555200312 15.546310866136547 15.143853653630588 -5.113924605240998 -21.853983196607572 -3.577156131382774 0.8166796884331189 6.835438208132543 -7.911952246650251 4.080287437260844 13.097730683807267 11.672649291301566 0.15899613063336535 -22.062459940113413 -2.773849542791234 -2.485877036730463 7.836979450366328
b57 -86.91641789753581
w58 22.644007355334388 -96.78329068713384 143.07975744576916 -96.05114326757376 36.37976493334155 -8.54521018821739 1.1606070764307426 -0.06683807920395346 -236.97245168844157 1112.9627824110357 -1837.2541615253983 1570.0279321899475 -744.2834699640741 214.4836477399102 -25.355564542584812 3.0489927221480673 1.6959530008962946 -28.042263892598342 38.884921877567315 -4.890339081139374 29.209543483146007 -34.204440046447466 3.0341693994051826 -10.036961280286128 9.978365550628729 2.8269360118888445 -5.138956022154525 1.7400824591481516 1.2140875410424241 21.389324204415594 -33.75151752038157 -3.49305029440859 -9.043668238158741 23.05278921390516 -360.09180375358375 714.1658549649102 -459.46654021209224 256.9810923124845 -468.7014622787759 248.4074152770878 -48.3698939084555 82.60942769736648 -37.24318316524937 78.36835369890237 -180.13908417997087 122.97811916904193 329.04855501639236 -655.3652187870043 417.6780974094543 -259.2424546147877 517.2126885324594 -309.74272539113866 1966.7766009610802 -3455.319256627822 1634.439378459055 -2259.1743867436744 4157.332508210119 -2382.189976379145 568.7459738802033 -1134.4932566228106 669.536687041956 1018.4795050897671 -2143.9865582468747 1475.2951601514817 -2241.9549411407543 4176.366931746351 -2238.470846302896 808.6440958132793 -1402.7217655452703 712.7136130491112
b58 -99.15691246637236
w59 131.6149048323475 -566.9423096272664 832.5099917269655 -546.2816220083564 198.150336736972 -44.8929474719422 7.356790314642395 -1.1138757304503266 61.089326716077395 -260.6119570208793 393.4719874203972 -301.068063276754 124.65108931836005 -31.55116369525115 3.391759865601906 -0.3810669972290779 38.649510992267636 -127.33232703961697 106.07232744279041 -38.01737289679262 116.81497033207827 -90.40690791764666 12.768776622519336 -33.7765508575396 24.665325159985628 3.9935070344482395 -9.086988352545735 1.98252273852544 -32.19744759713484 111.52550119683215 -94.71018607002318 17.499998736807594 -64.59952300245877 68.37320045952677 -2404.6737903876115 4454.263375735185 -2659.8096798012652 1674.7094782398 -2865.6385511272615 1420.7464259923254 -294.6680163976434 479.3171351054253 -207.88339169506918 556.4979821899194 -1177.4162147546135 732.7006113247379 2231.8222058948786 -4147.190376431393 2442.991719210571 -1776.7437687583333 3303.6445370332453 -1823.5029198729117 -330.4531660671643 553.8155777477629 -229.95987450808312 374.3094590398594 -657.4712862662053 331.65466826204295 -91.8336780559363 175.31496026983476 -91.58824387590559 -168.42143719306023 338.8970726033017 -205.71145068898852 377.2396871524383 -670.0191012083045 314.6696532955126 -136.57490482082446 225.99203932904294 -100.29234060870245
b59 -65.02566480366622
w60 -91.36546507952725 425.3549908069875 -673.4934011087661 485.4704671153484 -197.09686655553526 49.612520295030095 -9.002817242061147 1.8768131478613186 5.780763489252531 -28.66119632736455 49.88880287285943 -45.314577731918725 23.404819291599335 -7.567301654218571 1.0471792396693635 -0.10943299347278652 2660.8932179648596 -4607.9962300029565 2284.0931616101557 -2243.3333450314353 3925.0556736620238 -1889.9622090327302 521.6522535758579 -942.557449860132 484.1949497573876 42.20510694190726 -140.43979678685855 4.686724831820101 -2418.9176633810434 4196.749275078491 -2070.623336307706 1512.7116943402282 -2584.983173913861 1531.4873211287445 36.10295865746721 -78.40378099551336 54.00998219637237 -24.817051823187168 49.407711569264436 -28.55815209369181 4.660974139562416 -8.651667845143683 4.446758943879394 -8.12326522558167 21.217254438885437 -15.13076794164396 -33.144774886465036 73.45436873991461 -49.90014452303732 26.116996303456467 -58.36218837851062 37.13230872478679 -2.4464382449801145 0.7723053437322438 4.443237935901205 1.3536927714199194 1.26812117288578 -7.391503625403541 -0.06561699702583133 -0.7704321431751678 2.23496729692929 -0.8214439615299075 -0.33083559231107723 4.393131500279397 2.4880282674536303 -0.5417997060387184 -6.32378355198759 -0.8087624338707599 -0.04035783291491411 2.141484195704518
b60 258.42098366725764
w61 0.0 -3.125086255996032e-11 3.9149953817924934e-11 -1.2822315813583326e-12 -2.6061411728632766e-11 1.9924843785044392e-11 -7.679885971271297e-12 7.788610337123486e-13 2.962719971130207e-11 -1.691653211508459e-10 3.1958492973373846e-10 -3.0724139128527577e-10 1.6492858643257443e-10 -5.927423720773345e-11 1.2509038960159975e-11 -2.7809624043652208e-12 863.5531724635608 -2449.3848101757885 -972.2223396628665 -400.8525475347875 1145.4386312703598 444.53287491530824 -1.840194663316197e-10 3.217912047936977e-10 -1.3227266504323154e-10 -1765.903028301792 4907.199677122675 1874.313617831672 1290.8825246120443 -3596.4741410235024 -1473.9582454020456 -5.254130464038553e-10 8.629208458899029e-10 -4.1598668953923834e-10 -7.6009099275631264 1404.0017400798608 281.3575794773554 3.064013661801812 -523.547017230809 -86.72281664463945 -2.463307335887066e-11 3.9690473130349346e-11 -1.6167622796103842e-11 19.872439499665493 -3836.6577592899303 -787.6202202310009 -15.443888853302264 2958.975110523616 592.9854573984871 -1.7763568394002505e-10 3.4333647036532966e-10 -1.9484414082171497e-10 1286.6929280828329 -142.54897106428555 1794.3491949535617 -744.0685717848949 82.87458622380464 -1152.6563860928338 -1.0824674490095276e-11 1.2490009027033011e-11 -2.7755575615628914e-13 -1680.007224577148 170.12070766089238 -1998.0641220634056 1115.3503714150663 -113.10139012204067 1219.9699395935454 -2.55351295663786e-11 3.202299536653186e-11 -7.494005416219807e-12
b61 -312.86463757272367
w62 0.0 -8.351566683351442e-11 2.0826299403657847e-10 -1.9254245108128333e-10 8.824684629473422e-11 -2.4465727213553018e-11 4.690398340340294e-12 1.808387934652155e-12 1.8389443602495904e-11 -1.000837856031522e-10 2.0579173441970118e-10 -2.254356948171176e-10 1.3595683218975528e-10 -4.699203651468096e-11 5.503795125289391e-12 -1.1874992137212554e-13 6.428130560673676 -7.21505563801811 28.04477039225683 -2.9838724392642257 3.3740731224914366 -12.823015785764806 3.44581134459343e-11 -5.968804010075823e-11 -5.573205742390175e-12 -13.145056477646651 14.454943359859993 -54.066536954612225 9.609091450788378 -10.59399116093112 42.517867440522956 -5.878327338781908e-11 9.718354593291068e-11 -1.3135759840965378e-10 2871.3918596980056 22.5697978617712 -9.637088343042256 -1157.490875456141 -8.416193522229158 2.970438709747631 -1.1043141227851105e-11 9.916113069552424e-12 2.3852447794681098e-14 -7507.201316302831 -61.675557529434656 26.977647651269756 5834.2300014196035 47.566515208523796 -20.310998018020673 -4.2333758026869006e-11 1.8813076096968473e-11 4.06662550855863e-11 16.43005371315918 18.632041385561216 -28.56191587841788 -9.50116872018388 -10.83222634852651 18.347640932326833 3.498503570176226e-11 -6.568144194762232e-11 2.954667760457497e-11 -21.45236702216852 -22.23583967004746 31.804589393587545 14.242144423985387 14.78305852245254 -19.41911802173763 4.053072981402561e-11 -5.6257082325927854e-11 1.2394599235854287e-11
b62 -111.80738108960685
w63 0.0 -1.5665277302682873e-11 2.8364186774810695e-11 -1.3512197162374157e-11 2.5110528271101162e-12 -6.510453445425462e-12 7.56986996281469e-12 -5.202483642161024e-12 5.759996545839436e-11 -2.425962076230247e-10 3.6986582688146697e-10 -2.9103672181263963e-10 1.221343437037736e-10 -2.65854534585774e-11 5.006285986718436e-13 7.291778377488088e-14 -389.9047373429765 1291.1384732291974 568.8310181626416 180.98978990978023 -603.7923806066581 -260.08874465094823 -7.777632704542015e-11 1.7234477733829578e-10 -1.0130785099704553e-10 797.3266480593925 -2586.7206625187587 -1096.62952608022 -582.8491258523298 1895.8009832291377 862.3882987036764 -3.723410468836619e-10 7.170306015602534e-10 -4.398781686121289e-10 -22.441893273472264 2368.0206955295776 -247.56131564798412 9.046583664418932 -883.0260935536215 76.30579785752711 -1.797173521111972e-11 4.891920202254596e-11 -3.785166624581393e-11 58.67391806974608 -6470.992674943004 693.0124232413273 -45.59850184896481 4990.673515034164 -521.7569054505946 -1.284389261613228e-10 3.1759317398183384e-10 -2.584044089815052e-10 -1299.0072058891458 131.53035212534138 -1095.307779467055 751.1896703002881 -76.46862286604168 703.605246008085 1.5126788710517758e-11 -4.808653475407709e-11 5.703770789011742e-11 1696.0857117036014 -156.97087404686172 1219.6595751402765 -1126.0248175280544 104.35898314481898 -744.6948282481046 -2.7929047963226594e-12 -2.1996293675385914e-11 4.1772141301521515e-11
b63 74.06789059240953
w64 -0.0 3.817094455176178e-11 -3.614405093993641e-11 -4.438199657877483e-11 8.018765041486147e-11 -4.2423752391136736e-11 1.221003056265456e-11 -3.763826875524083e-12 2.599098127308322e-11 -1.5692960342531792e-10 3.279995530295841e-10 -3.5522082320759783e-10 2.070905696825642e-10 -7.410976958310325e-11 1.2613788352225749e-11 -1.7818244931446667e-12 -998.2099109685304 839.9165051258932 445.37111791938787 463.3588278591509 -392.7814069955554 -203.63871038105884 -1.27675647831893e-10 2.392183673372017e-10 -1.4367847189777905e-10 2041.2662020896948 -1682.7237539941764 -858.6154804841419 -1492.1741602595857 1233.2639521339293 675.2143051466353 -3.647082635893639e-10 6.62386812066984e-10 -4.6497528050082337e-10 -12.062005950417287 275.7059738812146 110.34881064140828 4.862332453881672 -102.80973031409228 -34.01280210753956 9.957312752106873e-12 -1.5681900222830336e-11 5.2388648974499574e-12 31.53589317439795 -753.4103653710121 -308.90568045442154 -24.50815508057029 581.0584782410936 232.56967192046477 1.201816424156732e-10 -1.9789725413943415e-10 8.631984016460592e-11 4689.762033167896 176.51125413172136 -599.1309603240371 -2711.994806118738 -102.61945099157232 384.8705310347678 -1.5959455978986625e-11 4.676814491233472e-11 -4.2049697057677804e-11 -6123.321209986567 -210.65195517537367 667.1511206442938 4065.249533418546 140.04778894828053 -407.34644267146587 -3.039235529911366e-11 6.236330896136622e-11 -4.163336342344337e-11
b64 186.79639002923258
w65 0.0 -9.151948749650167e-10 2.783976068984023e-09 -3.2054295007641983e-09 1.9532729088333045e-09 -7.152631262384389e-10 2.241653202171274e-10 -8.606841815455605e-11 -2.5452074752038138e-11 -7.851416819748132e-11 2.2883666176321066e-10 -1.9024235663595835e-10 3.555544248512548e-11 3.688209452760716e-11 -2.5826090718702303e-11 8.988425574509203e-12 -153.69282268437493 185.01233895542413 -148.44616388916475 71.34263583928758 -86.5197985309965 67.8745975191324 3.408731630294426e-11 -9.72269140198101e-11 5.978128148759199e-11 314.2905725556675 -370.66143556186154 286.1841938219574 -229.74772751394312 271.6568217688403 -225.05494714136285 1.1012024625500771e-10 -3.887948990533019e-11 -1.239286451237831e-10 10.245623744565522 29.23387117554007 -184.95109563700117 -4.130128027345012 -10.901201629066724 57.00745643647829 8.48626724447854e-11 -2.5462271180387575e-10 2.0157486790850498e-10 -26.7869952354699 -79.88619634542093 517.7440854726829 20.817543671396837 61.61124642569222 -389.8004462720001 4.669875597329565e-11 1.1091821905395705e-10 -2.1864454691211677e-10 95.3715609005791 -5399.538886305039 72.27924198439635 -55.15145032607955 3139.1636688857725 -46.43083413722195 -5.821731985378165e-11 8.860100153551542e-11 -1.8179902028236938e-11 -124.52459155981944 6443.91446337231 -80.48520354089611 82.67140010762445 -4284.109169633244 49.142331228467555 -5.5337678883660146e-11 1.07032438467769e-10 -6.140921104957897e-11
b65 -184.7689213265069
w66 -0.0 5.252162368319662e-11 -1.5250103581412457e-10 1.730042201270261e-10 -1.0767602449137067e-10 4.4945890268594265e-11 -2.088978180532063e-11 1.0068744419760118e-11 -2.45752894220267e-11 1.3859387524704437e-10 -2.8217243188431215e-10 3.083000210072158e-10 -1.9322562333070691e-10 7.643026921509062e-11 -1.6133028610320232e-11 3.348784928900226e-12 857.157631897967 410.9782255631422 185.16941241379948 -397.8838030382335 -192.19125317312384 -84.66570648363792 5.2111093218343285e-11 -1.0654671589449549e-10 7.179153105330016e-11 -1752.8246159766275 -823.3709164070511 -356.98166677929396 1281.3221503155874 603.446446887779 280.73000494727745 3.760880495917718e-11 -9.596490269103697e-11 9.631184738623233e-11 -7.3244197894657 -39.12707297371105 -2454.05828610175 2.9525573271613377 14.590339714994956 756.4141231820927 -3.181482854941464e-11 4.916206330918271e-11 -2.2343238370581275e-11 19.149561108232348 106.9209416477123 6869.784461992593 -14.882103093062648 -82.46146124584054 -5172.14029907277 -1.8606644003327233e-10 3.2113200987282653e-10 -1.5501488981328748e-10 585.1133066622994 329.8080115217465 1850.8412250029837 -338.3592253587233 -191.74254492393877 -1188.9458103493357 3.302913498259841e-11 -7.001343949042393e-11 4.6074255521943996e-11 -763.9698337763072 -393.5992795557125 -2060.9697698276805 507.1966509350391 261.6767016835529 1258.3786165001004 1.7763568394002505e-11 -4.225786387479502e-11 3.191891195797325e-11
b66 -121.03710146371242
w67 0.0 -3.9724573002755736e-11 1.2618968068274648e-10 -1.3043550667990226e-10 6.171073053986135e-11 -1.4658638858737886e-11 2.3040710257663967e-12 -4.034231650502649e-12 -2.6393959531938193e-11 8.679469124672923e-11 -1.2186794841562573e-10 9.214846575353867e-11 -3.097906081914435e-11 -9.238019228360485e-14 3.2945870480278757e-12 -1.4825136188502803e-12 1027.3528028380586 1826.861737070472 286.01825574299255 -476.88666010015544 -854.3198271409138 -130.7772022064562 1.8596235662471372e-11 -5.4088677980956845e-11 5.1226384245595113e-11 -2100.861282795451 -3660.010990944654 -551.404642556627 1535.7384143571298 2682.412730453465 433.62402733293624 1.0241807402167069e-10 -2.1926904736346842e-10 1.877664690397296e-10 13.383659436364269 70.96092330084036 1095.346036848676 -5.395106079151973 -26.461063881511592 -337.61839184350424 1.7208456881689926e-11 -3.37403716077489e-11 1.6514567491299204e-11 -34.99133195552783 -193.9119939934973 -3066.264247700983 27.19355324075592 149.55224048072188 2308.5366026957463 5.051514762044462e-11 -1.1018963519404679e-10 5.551115123125783e-11 69.92990213124273 -41.64659708505297 4028.810913085717 -40.43905213760447 24.21234243419154 -2588.0328312845245 -1.484923295436147e-11 2.419939248987646e-11 -6.38378239159465e-12 -91.30596603927884 49.70185694698481 -4486.2073461806 60.6176816650518 -33.043297254337006 2739.170402335223 -2.5396351688300456e-11 2.6298407895808396e-11 4.163336342344337e-12
b67 -310.1742899638449
w68 -0.0 3.981190377366772e-12 1.9579936773753415e-11 -8.558311163903765e-11 1.0460506144136777e-10 -5.801815053803107e-11 2.0240487717625616e-11 -8.10641240734334e-12 -2.006984790031464e-11 8.491409072819633e-11 -1.184726242295654e-10 6.36601356892845e-11 -7.350420075112872e-12 -4.4135942259621205e-12 9.785701442418787e-13 7.476010619456688e-13 2105.362742439116 1157.9316214372536 -2299.6366517303923 -977.2878448058626 -541.4990760352066 1051.4715105274774 -8.68749516769185e-11 1.421779360910591e-10 -6.043776590303196e-11 -4305.312702328366 -2319.848500422058 4433.389479509795 3147.2016534039335 1700.211055554409 -3486.4127946551444 -1.0269562977782698e-11 -2.275957200481571e-11 4.0523140398818214e-11 5.234800372915377 11.739096772955554 77.93602024372848 -2.110207858308233 -4.377465443881068 -24.022211188265416 1.582067810090848e-11 -2.525757381022231e-11 1.1310397063368782e-11 -13.686289496090131 -32.07894651177836 -218.1707190618476 10.636315375041061 24.740492964835102 164.2569100061935 1.9137469386976136e-10 -3.530509218307998e-10 1.8790524691780774e-10 663.2328404769303 60.97148953799064 -2287.4296249103304 -383.53417633989665 -35.44737593804331 1469.4020385251927 3.3306690738754696e-11 -4.704570066849101e-11 6.800116025829084e-12 -865.9688253963607 -72.7645585228354 2547.1246500582165 574.9133913888718 48.376078572260475 -1555.213104101857 5.974387651264124e-11 -8.054321098960315e-11 1.7208456881689926e-11
b68 -155.9540241367467
w69 -0.0 2.9189975089827236e-11 -3.4982051369629146e-11 -3.699483716680328e-12 2.506596613368772e-11 -1.779243189160653e-11 1.0556439126336981e-11 -3.216076241519725e-12 5.29417540398526e-11 -2.374033938659587e-10 3.6748960579610265e-10 -2.8104084316565165e-10 1.1935552377748843e-10 -3.665542401358207e-11 7.111420416942527e-12 -4.805592891056276e-13 -2227.678524125326 530.3643552762985 -2635.9020412619743 1034.0655792363414 -248.02138833331765 1205.223398593146 1.6237011735142914e-11 -4.6004866582904924e-11 4.1945613649119196e-11 4555.439522744382 -1062.5540675177763 5081.663822829074 -3330.045408829274 778.7431689568289 -3996.2150521471754 4.8155923693116165e-11 -1.1591313846259776e-10 1.2823075934420558e-10 22.26647080452393 33.059604282268324 -249.77544000746167 -8.975868862212133 -12.327803248998874 76.98825717212864 -2.5118795932144167e-11 4.038436252074007e-11 -1.887379141862766e-11 -58.21527924516623 -90.34061972033376 699.2105470627671 45.242070167666455 69.67409187663696 -526.4233642272359 -1.6014967130217883e-10 3.0699401354361555e-10 -1.8790524691780774e-10 -497.63899360287104 380.52651408065003 1559.0002835892383 287.77459419651456 -221.22907774204808 -1001.4726441506801 2.7755575615628914e-12 -1.582067810090848e-11 2.6645352591003757e-11 649.7565085166168 -454.12772449898813 -1735.9957257409058 -431.37086109004105 301.9178419840113 1059.9572742838359 2.220446049250313e-12 -1.7208456881689926e-11 2.886579864025407e-11
b69 -421.85982538874583
LAYER 1 tanh
w0 0.22238552495796646 0.1472476514616131 -0.0591532464946333 0.02163835200972511 0.12578975182154406 -0.04060564765189052 -0.03723689116642022 -0.05678820172014757 -0.13004244660268385 -0.14654599880866578 -0.020061310764242495 0.05036005053025438 -0.024742156163999544 -0.09453360288310958 -0.04106569735499038 0.22535345269523513 -0.13938376868660293 -0.10341384080813935 0.006207420983407091 0.2539857716902921 0.016638659765549214 0.10881784864103919 -0.07349858652604571 0.1189569079017845 -0.10917409963633419 0.0960586468784819 0.03635430641634552 -0.06367220193702486 0.08312335462645107 -0.09139823405725728 0.10323845104940206 -0.05827002155972892 0.038248382399577445 0.06932411848555112 -0.02524354635886679 0.05907637735940583 0.04525072801311571 0.011199702650515878 0.008728920497952949 -0.0477247407820922 0.06626418339352218 -0.04817200711187283 -0.024828987232889167 -0.04632329314416051 0.03400256959576871 0.11836607164895954 0.02553778376492579 0.18077490676371846 -0.04391283862771306 0.05305907309006944 -0.09696288651483698 -0.04210526391970914 0.05657701670787111 0.018249573801804204 0.04010047849854782 0.0076632299107955906 0.15227945631340242 0.16412432134184576 -0.14557424149893314 0.1563859565795803 0.022451204390881465 -3.6640670223112946e-06 -2.655869553106408e-07 9.489916501245815e-06 -1.2458880610141585e-07 -5.025277712322288e-05 3.5333252924006614e-06 -1.955963868704768e-05 -1.7692447236037308e-06 9.232786951556878e-06
b0 -0.34417750345039055
w1 -0.027896144599446778 0.1519069448158044 0.06311698432285244 -0.06706129272390149 -0.09088311312361028 0.018995842090993673 -0.03652525235938662 0.0009180882877906348 0.021986017586794724 -0.013833936432238092 -0.0066172559562792665 -0.019170879042025923 -0.0052253734642167 -0.006670120960592492 -0.03472180771369767 -0.03049185477961881 0.016814128316313102 -0.0036203035504723275 0.007900289710388121 0.01209995031382378 0.002652772978896271 -0.009376402836911655 0.00846024960162385 -0.0052251548428306665 -0.014737110654264451 0.029338440467437606 -0.004817278760179097 0.005943990159784652 -0.012784523581996826 -0.006233426368323386 -0.00891868719236581 0.005913787863745053 -0.009401450871112764 0.006926156744967099 0.004991013078341431 0.007660324812596323 0.007817757007355892 0.015664433923198846 0.006047816319779619 -0.008569172993697617 0.0025423100023881256 -0.0036043649366743237 0.004098771298412546 -0.004428958416439794 -0.008031555020277092 -0.00790053718237345 -0.0016012159107119763 -0.0016600696607061 -0.004157298858095319 -0.004250937222731389 -0.013191029444569615 -0.0009557742159097744 -0.0005173448203712061 -0.0016937815046172084 0.0028180992591701638 -0.0025450639413256916 0.0003720269776598929 0.021146828642688218 -0.03108476220478592 0.017853132585248066 -0.04102995537666809 -6.813962001750616e-05 1.4745571274573294e-05 -4.994010291278187e-05 -2.012343968209327e-05 -8.048181819868216e-06 2.1357243758755926e-05 7.601497522134086e-06 -3.9292655366890106e-05 -1.0657371791066876e-05
b1 -0.7257106444056989
w2 0.17342995697404556 -0.13444031429080344 0.13499350219738335 -0.07448757449199947 0.023229128345861997 0.000835631779160464 0.06116573729374226 -0.03256641294884157 -0.031892005552426404 -0.01813861912221752 0.0639540882093052 -0.001062722852779039 0.11352226338988945 -0.01517593277354104 0.04703831639272329 -0.004676936222850173 -0.032754500491490965 0.02303333647075273 -0.04959886350733544 -0.010786725100339234 -0.0010439584895518515 -0.012448545648797021 -0.028691840077558862 0.009092989388647964 0.009025713805853547 -0.014159536384668889 0.018254156222204398 -0.0218748482301046 -0.00234014418315661 -0.002671258392235229 -0.010054613094311552 -0.031390396048234584 0.016634360458503715 0.008960123029912687 0.039935892806577146 -0.014593909934284065 -0.04647688954596077 -0.020848696855963893 0.012949007536353483 0.010714988099292517 -0.004378562556907765 0.008126827643192825 -0.012036441163027458 6.213002451701588e-05 -0.002411248195679586 0.0005351232533036606 0.017427302355229407 -0.00345534033292664 0.009719959936398797 0.0166064827775824 0.0025586349671882043 -0.0013626400754843133 -0.013009286917009186 -0.01727344187944237 0.018936231971385872 -0.007108388880633185 -0.058153522786068154 -0.07354510230346965 0.04892423923544549 0.06053804796729377 -0.02885213413536515 1.699236948826061e-05 2.9897962735427832e-05 8.58570365509199e-06 -2.9073075551793328e-05 5.7884000120278885e-06 6.668699666351339e-05 -3.7843837230602815e-05 -2.244627319374724e-05 -3.3822021583198135e-05
b2 -0.31837564213322184
w3 0.017795095001827337 -0.04280825364318668 -0.021089603815583568 -0.17154152652415977 -0.11052958681737701 0.00879863990309741 0.05465505027636537 -0.02791075145895076 0.03289427274183433 0.030685298917941008 -0.025489183789324056 0.015281957560831134 0.01760726460093691 -0.003801813226845616 0.01110626909210739 0.004994433966039029 -0.02779192169749504 -0.040599320933901555 -0.0433449739662313 -0.07002866398343294 -0.008743457300361773 -0.006681593222995904 -0.050335889030508466 -0.001554145945805225 -0.04241994229738729 -0.0021202270708134082 -0.016168720952798886 0.01292453779173526 -0.03999665115232882 0.008791911297082617 0.0012027025529691001 0.0030079439892267924 -0.04000232148339732 0.0038273552270635027 0.022758173256964442 -0.02455438750454963 -0.012321282686389993 0.013810364657351039 -0.01805037109598413 0.03034206033261085 -0.06360244425792255 -0.0321675641698347 0.009833696375420541 -0.02214334320258673 -0.015541441901002878 -0.016868014858562003 0.029324743423688213 0.02331661329991222 -0.005650777258695751 0.012242311559666954 -0.03813500593686417 0.011646018066198909 0.00584252478793249 0.014776878293390762 -0.004155701703383456 0.029705681409261168 -0.05540700550182496 -0.032883334121682845 -0.09197930377863235 -0.17624686230525077 -0.025831939467490437 -2.883843626049135e-06 -9.957364544582368e-06 2.0757568100537168e-05 1.803083668698166e-05 -6.472398338237635e-06 2.3047336263434595e-06 -7.69476833666199e-06 -7.3597899825332095e-06 -5.757033579469596e-06
b3 0.35845501230700405
w4 -0.010668968940982345 -0.15746821772920677 0.24183920530326652 -0.07365951402824586 -0.035842773330337405 0.07575941033546987 -0.14449113690930512 0.22194583694241793 0.048146117217275644 0.031178495719421107 0.08569244449334291 0.013751924478287575 0.08422794935541637 0.07549783163942661 0.0972461563909838 -0.01852655406791002 -0.061935176405146806 -0.04935855970925869 0.03669651205768025 0.11628931301396013 -0.0446656491841158 0.09602321654320431 0.04126783262091349 -0.008658002589497204 0.07321478617336889 -0.10029277707794622 0.03243183298375084 0.19127642102060205 -0.008972678510366542 0.005210663516621219 0.09293844851811918 -0.008605002754889011 0.019159440657841132 -0.004796602745688286 0.07804925544019117 0.01229254975033215 0.009945507210671731 -0.017840386983920126 0.021682005879264804 0.004362561352236765 0.08783156419629384 0.12395706555928472 -0.014541560145308023 -0.010202480801018685 -0.013380927293428588 0.0031611415672975554 0.06789008267105427 -0.0433055463549932 -0.020056903526179833 0.04931932736087915 0.011684045855574159 0.020915178655684017 -0.05049153464743781 -0.009460887877195963 0.05158003354721072 -0.028213209872202258 0.04273305320450734 0.13022430005264402 0.06856629768620134 0.07507317926258898 -0.07746749471504182 -4.114759022965785e-05 -1.916649225434308e-05 -3.425521784866794e-05 -4.24493032809912e-05 1.542438167199083e-05 2.8385726336813977e-05 -2.9700096886105883e-06 2.7450369124070235e-06 2.312025723062376e-05
b4 0.08101102385128812
w5 -0.063566458284801 -0.08833680429343131 -0.070283744078909 -0.08911595434181704 -0.2241269949818592 0.014032259863477824 0.017201340751855074 0.009831401822083145 0.049628821387292577 -0.0028508803746931707 -0.041848634929436704 -0.02703052108348335 0.057966510914799756 0.03181445287563402 -0.017041386784161013 -0.07057620401768223 0.04540516740273962 -0.09028754313732418 -0.12132045661237013 -0.012361778153490925 -0.0015264289000518237 0.014188421539524708 -0.04286868742630822 -0.016670139839882945 0.05989082011521801 0.05924924987494399 -0.028171944083739266 0.0776445924499475 -0.07411907366306272 0.03122098210812678 -0.052401660931541194 -0.04202165029738047 -0.10000807826391211 -0.01759556951080814 0.05118745378876152 -0.09001836976691426 -0.04232683516387643 0.022542468859793365 -0.04836444931782612 0.010343370676737242 0.04382161085576958 0.026371334957761436 0.0762290299204358 0.0240592583762609 0.031885411881701645 -0.024574856506278792 -0.013423253517565419 0.036619315298423404 0.00014204041970872433 0.02889071689527102 -0.05188399891941477 0.008197014768532726 0.02822135925400849 -0.015641635329911172 -0.04005899438560492 0.07081188997322065 -0.18006771024947513 -0.03774085155201077 0.028180873066109356 -0.019888737911732266 -0.3095194021939096 -6.955276212384513e-06 -3.332712009493751e-05 -3.771736246799223e-06 -1.5719079105592936e-05 -2.3355050700007746e-05 1.9648542370016736e-05 -3.010351982953907e-05 1.588450186294667e-05 5.759833949314897e-06
b5 -0.20522053656783792
w6 0.15273195814413248 -0.18181570101747183 0.011233944817516899 -0.07346812949153153 -0.0225489815206026 -0.02841822130481545 0.052668461185170684 -0.08866508507463591 -0.12944374821933996 0.08122415229005796 0.02708362428967387 0.03074118976869101 -0.07133479193261665 0.019271114584001114 -0.02310532871850487 -0.0682445263757151 0.08632986715337593 0.13015921211061796 -0.045485638460645156 0.018844327117647264 0.002394212410965854 0.029581467501376475 0.053716142302558924 -0.031447252884747014 -0.043337305841655585 0.0496601255097289 -0.11977651226864117 0.03552240781214446 0.04416942156348744 0.12104463045678411 -0.09286913859480005 -0.010311162930242021 -0.06583870406778582 -0.037237336817844066 0.08219899155492705 -0.08571073548199513 0.10208560251015313 0.11411172108691045 -0.1038354282250842 0.1016653453178178 0.014479034162302548 0.01174259665270335 0.0017487924361684023 -0.027063767695077512 -0.04740440035015659 0.028042962681376418 0.07150314372127813 -0.013746373804933718 0.0034511804914379987 0.05083445077324979 -0.010046645766490007 -0.03140354247619214 0.1018479173611938 0.044694865877294834 -0.10679565834026826 -0.0943431930042092 -0.04259645947685623 0.040816602157136304 0.08883694395728517 0.025489206539426334 -0.23654147571581247 1.4594644547222823e-06 3.440340339207462e-05 1.9561783922580036e-05 5.033455120153017e-06 1.4405821996098724e-05 -8.372905437841472e-06 -5.456195289052954e-06 2.992547659981008e-05 -3.910996605837219e-06
b6 -0.07410858924460685
w7 -0.03791283492977606 -0.11286990074847107 0.01135728325243727 0.1730777111181762 -0.027343100199567295 -0.07104200000855833 -0.21825098334827028 0.20124765013944168 -0.03366308800877125 -0.1335735809638805 -0.08590734471180775 -0.013921490770619315 0.12306794662065336 0.05589811614712401 -0.11180811261710377 -0.012405225785781545 0.04153927617776206 -0.15180922701811805 0.025808908646042936 -0.02934844906624148 -0.1309560022726924 -0.14326153647645395 0.19697535475983746 0.1125236495996295 0.07424106002898796 0.16913885797459927 -0.08473992026865498 0.0275613651892834 0.022338178090957332 -0.08436015729579639 -0.018440537907499558 -0.03108371758284826 0.1457819230520846 0.0485891216318061 -0.059970660548142964 0.03172970745262716 0.20809364232583663 -0.08598534679909449 -0.05652189409242858 -0.17570720665270342 0.013822114110394247 0.1927885524185745 0.15388946347925037 -0.02452048997256225 0.044850904385383035 0.0764680602428145 -0.01911352700615399 -0.13185584750834548 0.0617822442361228 -0.0716238139711155 0.007872092171233965 0.05066708562371258 0.1486116699313036 0.07439431295428454 -0.003313369271085893 0.24544234550329483 0.11471718855197902 0.08053092496902037 -0.20495207242333868 -0.31498929004160814 0.1044044366458147 4.1427826474086646e-05 7.4496721111254e-05 -3.25223910839685e-05 -1.6121048558636238e-05 3.825130851108221e-06 -2.6296138338769937e-05 -1.2106429319020342e-05 3.947513658893278e-05 -5.583406196269545e-06
b7 -0.003132451268580594
w8 -0.048771547886156244 -0.24470351881259053 -0.22735395750887405 0.22878247140161245 -0.054387677107368256 -0.007106856494264347 -0.06492397989430748 -0.013023909086194527 -0.17307559133719927 -0.07176925351824662 -0.06307999897086237 0.008670367257987985 -0.06046263989798841 -0.003472197945374598 -0.17259554450407744 -0.039251914390463515 -0.045424180261273144 -0.07667560409022904 0.04331956335192889 0.06819354203035453 -0.0422956917521387 -0.03919791261740667 0.04272762506096544 0.057048720068671455 -0.06215533696436445 -0.018454246209400612 -0.09015256569460069 0.042356965521640484 0.0860950555200359 0.011776016675817989 -0.04964627675657762 0.03729194856523965 0.031073383999153898 0.019741255682693026 -0.05983642076683256 0.03939015055799372 -0.0530163517490839 0.022437353788335224 -0.10461572384328348 -0.019413287084531432 -0.03936713721807279 -0.039238554046663814 -0.010461588385507392 -0.02241771664622149 -0.019690230117020598 -0.1114199227451911 0.0813791805385432 -0.02742224297759054 0.024503788683521713 0.04831998147968821 -0.023590135769547053 -0.06828155597165703 0.007259176766944073 -0.024767797277336485 0.007320750986505989 -0.03934527570865058 0.09047689547655514 0.0995760682895773 0.2108719846640272 0.029727521655130637 -0.1797491636347912 4.0897175797126295e-06 -5.3282221194690937e-05 1.9947489935425743e-05 -2.1463922258420804e-05 -2.1417636170010292e-05 -4.0108506058960575e-05 2.991705333540091e-05 -5.697862704822649e-05 -4.5387312434833096e-05
b8 -0.0035215882517265957
w9 -0.09628466509630873 -0.2436108095693295 -0.09356817610647288 0.20859609550719574 -0.00921932449691226 0.00716125416541956 -0.053697406397145216 -0.03866566684710117 0.1891427188607854 0.04477094656953639 -0.09371389202897837 -0.08892559502633231 -0.009619478410273836 0.04972961921452377 -0.08990222556855748 -0.059828950894875714 -0.009398947434016452 0.05516176187788789 0.033178168324574216 0.09650410700013035 0.014711357956962778 -0.04911684348003181 0.06902610497321936 0.0183740268487705 0.049203763096783204 -0.009340837981073324 0.0266500596616871 -0.013656971024089425 -0.004637079988131577 0.03381069410497361 -0.013291652278291273 -0.07287355534369419 0.12574096954759414 0.04025567377819755 0.012329039027784046 0.09976140747407311 -0.07727007332172581 -0.12492992070029643 -0.0014902880415334462 -0.09165547346665599 0.004213664130027589 0.07459001353937576 0.02489418471024701 -0.039612114905764995 -0.006449334156618452 0.022504642892168233 0.0732679508509611 -0.05595414904200758 0.1159983899547469 -0.005749849683449461 0.004627073832813815 0.05273129619320195 -0.04106953700477288 -0.023786804586538337 0.11868649589115253 -0.06860355194826778 -0.32461538492971015 -0.03613428284100194 -0.020607327750778115 -0.15599655149458233 -0.12458434949631327 -4.441367668695972e-06 -5.685319106650471e-05 -5.365919459945793e-07 3.105580395293787e-05 4.444422698828313e-05 2.6405453079850604e-05 3.8135131731196636e-05 -1.5612461817839106e-05 3.2632632149252075e-05
b9 0.22024321036481526
w10 -0.0020579619167635723 -0.00033970987705583496 -0.069129106479704 0.37833280044187706 0.029483382524083033 -0.03891356333802562 0.07205188007597488 0.16093897154247921 0.12347003920068733 -0.1017187901912395 -0.04951792094940184 -0.04106767774909418 -0.127598726928504 -0.04157136391306249 0.03777136639319373 -0.045197143418175996 0.023149346223505313 0.06465581411759476 0.06520495948341132 -0.03176235902394605 0.0524200368177741 0.039464306868372157 0.04336467482783382 -0.0336339213027419 0.10735139383749398 0.008734151883881481 -0.05287947262111386 -0.03698136507174048 -0.16388607292100088 0.05230068319815151 -0.0038577431719758275 -0.05840813484046012 0.0013016867200606034 -0.01995111916607847 -0.00849933799563238 -0.008768874157593963 0.1747947624401093 -0.05224275368613253 0.009387518657210632 0.08954709151390566 -0.049193476135726284 -0.006641638794114235 -0.06569757272568172 -0.034561721284908184 0.06106254176885126 0.011253255973693857 -0.007039257142744129 0.06431932089429601 0.04189004518373935 -0.12652326600668443 -0.03183429362943731 0.01607805425399152 -0.0321513673101541 -0.029539676007480604 0.0014351424678044873 -0.02364141160619457 -0.2297115571498573 0.050740789117834265 -0.10973248567552901 -0.09042385626573714 0.01996465593165142 -8.161634482616412e-05 -2.4998575538480017e-05 1.65412072936835e-05 -5.620025943524427e-05 3.676618714513489e-05 -1.0208199252903718e-05 -7.192875664678038e-06 -6.276741058686895e-05 8.126939359952092e-05
b10 -0.14646702936986336
w11 0.14284777370058138 -0.1405530197424344 -0.04939711984613914 0.024723557739970453 -0.06441514283221807 0.13839647359133958 -0.1139954827971755 -0.031950130593360326 0.0334246187979584 0.1339745265550257 0.06389444214627041 0.015444038183615935 -0.042846944946688975 -0.07576913087811511 -0.0575988820505044 -0.07119763136604096 -0.07733477770182468 -0.04825567546599699 -0.010714154822876151 -0.12149936199037203 0.029162435001009738 -0.1316610179253789 -0.12411804607594136 0.06367059809650946 -0.10677011209724925 0.06570867433209653 0.15023570677507533 0.07591983926124754 0.10471986399809628 0.04741649046024318 0.12136133258561663 0.05539901728544973 -0.04124769615755716 -0.02129984330157517 -0.07787279649190114 -0.10018073401237991 -0.01011247873820014 0.02577150789402277 0.025324273730673762 0.12120705154370108 0.02428314928208061 -0.03161368098222369 0.003486355767981816 0.04671743250624201 -0.04058191620068387 0.03711038589505961 -0.016297490963577976 -0.02040606178964807 -0.07605765174764605 0.047261398596061474 0.03600910968169205 -0.02989127247076963 0.035756976677069334 -0.021537629534033292 -0.031080467407448006 0.06571874059583939 0.10170736283151088 -0.1122246650627399 0.15735158554132092 -0.09478064161707053 -0.3307425373972303 3.706227053269794e-05 1.4221731909303516e-06 3.709069425146657e-05 2.8888225870674596e-05 -3.675863733084381e-05 2.7473658870829134e-05 -2.7141142739763385e-05 -3.0014644136810677e-05 2.8004555763275537e-07
b11 -0.5170874287987139
w12 0.020525778102537157 0.0776234052948248 -0.05360600108910687 0.04832215108186753 0.08717543295205353 -0.04735946709554078 0.057587308549155475 -0.02725925953210566 -0.011826288308099365 0.01305941614745293 0.009305557643863706 0.015304324204447835 -0.008427693078637374 0.007250774102753827 0.023165281833915072 0.03180615321306848 -0.02119824287193229 0.006997903761422821 -0.008280681710163223 -0.02425875193079902 -0.009574115402374333 0.009451677881119593 -0.01684639190410437 0.0010833926835318425 -0.012989766163346399 -0.02125387194963026 0.004299289079933409 -0.0034991466049438427 0.017904689970611797 -0.007418807700593378 0.012487280588880005 0.0021334385240610308 0.000763027906565703 -0.0008846626955070413 0.002341843939592579 -0.00750038227732323 -0.01127219621480421 -0.004099656381814652 0.007573062197033833 0.007793905719021902 -0.0023802495593643024 -0.010249738636364962 -0.006228771265552681 0.008846849747922379 -2.4543653204205025e-05 -0.0010202983930101988 0.006392157318357457 -0.0014401144705375073 0.0005550395220641872 0.009092539183600852 0.012617777032610432 -0.0024010086252655377 0.0036854496263637247 0.003299386972757454 -0.0036071963847643515 0.0014345384009350943 0.011226473313653932 -0.034268087448192465 0.00822187411758673 -0.0020390227101846443 -0.020854445120498128 -1.6979962503691876e-06 6.2146192987677635e-06 -5.242018256055812e-05 2.1275836981337433e-05 -3.080165819719383e-05 4.759124842948978e-06 1.775422821996059e-05 -1.553027839441937e-06 -2.4942148372119162e-05
b12 -0.7880525108509079
w13 -0.09086529678962707 0.12764524400618524 0.03853490248082793 -0.041439597076129285 0.07992881930690252 -0.07025329740895744 0.11024561792761112 0.006348809337927786 -0.01317980750506057 -0.017425557098520745 0.05772178535266699 -0.02813122511840791 0.005210660743594227 -0.050060704340357906 -0.06143434348111774 0.01876665270591914 -0.011517673659736974 -0.02026823277606246 -0.05065725215435369 0.03632108453024192 0.018969480001064413 -0.016586822694253524 0.030732760138767936 -0.00927502824818688 -0.013202614095926874 0.032571680912480486 -0.05763298850846669 -0.030968333571286366 -0.03490603610976464 -0.030900725793543814 0.005195591695337935 -0.05634549849026601 -0.12336531963886709 -0.0023972274871623274 -0.00021311460914263654 -0.010439566391891397 0.0813901318013559 0.004405143650260677 -0.015002144577451833 0.0035617027720960676 -0.03947576037958738 -0.012430853307408708 0.011731681938357497 -0.03358168318521284 -0.01037793407134355 -0.012915520524260538 -0.028218787994490246 0.05586428942272312 -0.05040840457107335 0.005337329768200713 -0.013109978102477257 -0.032798282371567074 -0.009254243457112551 0.010078550347520705 -0.032252254112020234 0.02485318755288637 0.11595748990276214 -0.031205744769664947 0.0012924762412309116 0.12651135414559742 0.1710290403998363 2.0833976854398405e-05 -4.8218704262838054e-05 3.970714826905218e-06 7.687325768068355e-06 -1.5409957743690437e-05 -5.8157641735422796e-05 1.1024053023194452e-05 -1.1411278928008193e-05 -8.823724685392529e-06
b13 0.33293616205838483
w14 0.0754651615654516 0.08257802484951156 0.04537061508409336 0.028154714628639433 0.0450114179783199 -0.030029425397485984 -0.028700212185206984 -0.020728933463947868 -0.008883634045929541 0.0015139228516848752 0.05158381413732363 0.04322578380593169 0.007336318404994255 -0.018062794167720712 -0.03107370725584487 0.045186974161265166 0.01696237229382461 -0.051174038081814754 0.011696374074932125 -0.017952132257173112 -0.0004115403979800898 -0.02692860906433084 -0.04898188722889167 0.03482594546728705 -0.03987991188280799 -0.012700957133736748 0.008136866436958639 -0.030663785713633727 0.009194514552510375 0.01518739874938762 -0.03779097088970074 0.008542773105673 0.008476834136559407 0.010000758718873369 0.00015269528634643962 -0.009902516715745926 -0.06660601288394748 0.021387157012813268 0.02160073720403295 -0.06753111657247819 -0.03166067145655217 -0.0076975025396400784 0.024566335908548915 0.01340097301764616 -0.0038262944974193935 -0.027439942806543004 0.001312082526594237 0.015510831239874536 0.007883649627535252 0.038275091626288324 0.03784726685953157 -0.0006896981637429196 -0.03162971974768363 -0.006512982982465243 -0.013165621886052555 -0.044133314096233583 0.0022065086523149493 -0.07768614349647932 0.020980947817786852 -0.024864638341392523 0.012900724117169672 1.6400404033850337e-05 2.7277072619184154e-07 -2.7852026165833223e-05 4.244392332422842e-05 -4.505359471121228e-05 2.072804213341934e-06 -5.50052776154635e-05 5.0295532415361365e-06 5.1274794491603106e-05
b14 1.094339523355987
w15 -0.09373687645999544 -0.050055738728116826 -0.05186831445965333 -0.1225968054200455 -0.13637843941528804 0.1006588434624902 -0.03631253904839064 -0.023295042121568306 0.018767430622518542 0.026714611405554384 0.03499307306610747 -0.021026529345640695 0.0009950834854731859 0.017523700839473726 -0.07159028766009111 -0.05373361509768041 0.02562539658701476 -0.0072315798775285075 -0.059805646339086097 -0.004745228389842333 -0.0060475771999830025 6.31596905578265e-05 0.00831235371358121 0.019464136024052246 -0.03512348414822961 0.02773267123311732 -0.004603888085467469 0.03848024884842081 0.006835395330858445 -0.0012308736529621875 -0.008460490918101953 0.011273624103146229 -0.021214992187578108 -0.007676346258384392 -0.0005429193419191522 -0.008982799550023273 -0.024874748477095813 0.03616574735003662 -0.009171538715040815 -0.007175508340755163 0.0015955376581111359 0.0005056545431703262 -0.015641267098906866 0.007940792176919124 -0.013616630837822333 0.007336605415834304 0.009025603961678917 -0.0016000436828968968 0.0032269056663221133 0.00922907565446638 0.018681602691564245 -0.006322968528902969 -0.006836518887677834 0.007718951620644536 -0.013753988890526701 -0.0035326416457833187 0.046714996371270946 -0.07830595517664254 0.012846118285340633 -0.0583004689176312 0.12470624903584744 4.2138417361150084e-05 -2.9927522841353698e-05 1.5106147041831658e-05 2.8224637390209954e-05 2.1543706682233622e-05 -8.304072396945667e-06 -3.323661874415967e-05 -1.5124132094080778e-05 2.668635351093773e-05
b15 -0.4426168521494464
w16 0.02190054647229908 -0.08120740693590162 -0.058831189144976766 0.11273748718439701 -0.023614335172666225 -0.049897866434192896 -0.11310681698668086 0.07874350425809874 0.05148256761138407 -0.08780009871721389 -0.06841012207001916 -0.030471733482030996 0.05474940950519134 -0.02067009406453197 0.029765166499052243 0.027607386077101448 -0.00270170549366043 -0.0669293203735806 0.007081182448501736 0.11970669968644877 0.018125980787534825 -0.027485176795015335 0.0578976602891981 -0.005277667502199232 0.050033448915827686 0.010358150736314275 -0.024463737825021044 -0.022252269406167844 -0.008406987000803872 -0.03019835623534861 0.022495000766392992 -0.033105401636267476 0.006152969643450003 0.006510310780991161 -0.011376339311058177 0.03536606299718766 0.05556530572574452 -0.005005259458235385 -0.020518034135695484 -0.02028145589436669 -0.01958643143996458 -0.00667417658269347 0.0012757469357178451 0.02087465098798229 -0.031012056546534928 -0.005048569170716719 -0.02387054937615786 -0.03461544144397925 0.03236162925049148 -0.036692598709979096 -0.020053739109815946 0.01845143236045616 0.01808157189700507 0.009631683615443464 0.0100210038516049 0.040892497991038834 -0.0793356981300802 0.09145825374308432 -0.09567216303946845 0.005596481274816782 -0.051853429967015696 1.0753958574463143e-05 4.889091744462093e-06 7.879151550102185e-05 -9.105171239333562e-06 -6.367275818784498e-05 -6.915809127603628e-07 -0.00012267990860295665 1.3149515483918723e-05 2.1198972041375745e-05
b16 0.6228063053143821
w17 0.06625735357068736 0.10382257869624675 -0.01648087579988389 -0.002499670494716734 0.023356943993887255 -0.06265397559938418 -0.05315802298012845 -0.05018860321986095 -0.041139127587153546 0.16433822750234744 -0.059376030820032955 -0.044133079272562055 0.058957311054865846 0.03404249450323458 -0.0025096648117871674 -0.11035213662654425 -0.19032988896545677 -0.11453972840552895 -0.007282172181074032 -0.2599446110119382 0.05993444479343834 -0.00031180332949837356 -0.002423485650104537 0.008485301601940698 -0.05800980267012358 -0.025833683527340442 -0.05821565028100333 0.05092221703536788 -0.05529404060411473 0.05151266495431695 0.13607751768408197 -0.07764746408991821 0.09913467374081479 0.0019099735125631939 0.05842037984011179 -0.005740408156737243 0.018477264425368796 -0.019498136385210706 -0.08046159083954887 -0.04823073683390758 -0.05218076960263268 -0.033440905070581756 0.05083875843014208 -0.03381093687571583 -0.021061852671352757 -0.008124910655023566 0.04925498624253763 -0.08914481536331394 0.1020909902135109 0.04071606551631567 -0.013803787892656122 0.06278345111421384 -0.04976230583709317 -0.02379098606447646 0.127484371927155 -0.12019724908824363 -0.04820790799671979 -0.06324819019864508 -0.05383173099436659 0.1109246115679385 -0.21309882106141056 -3.946867968328236e-05 1.4102573941319741e-05 3.7916003337531695e-05 2.6643431539071362e-05 3.423538671465792e-06 -4.9646775555877886e-05 -2.536913996472935e-05 -3.365623099144792e-05 -7.491415844227891e-06
b17 -0.08085123382507593
w18 -0.19935468824135544 -0.12736899960258327 0.008822551568201772 0.14885264572831666 0.004538889863105041 0.026595348503672678 0.024164757969349273 0.027330775154122272 0.14336972610614482 -0.05578151676621964 0.0006734620485825854 -0.047845347390492406 0.15630003336334597 -0.0813131194377956 -0.06619886239942252 0.03823376633226237 0.003469722030646519 0.0026166062946955566 -0.09166921383920551 0.2778350154640628 -0.05952948584794465 0.05967966888276829 0.06063634462815119 -0.029475722431693115 -0.006841016147589564 -0.03426974019861704 -0.010383562004317878 -0.04867452812971554 -0.07739786946681165 -0.08707960743464155 -0.05502038122589839 -0.05878473762346789 0.10563434947276994 0.022060222838933937 0.018073125164178475 0.06464163848221344 0.043610486514931046 0.009188808720090307 -0.035615426688255854 -0.08983760701073933 -0.053557863702884276 -0.08302303844209953 -0.02752404508745227 0.03356114067643752 -0.06366668707333577 -0.0810838891397381 -0.047378825085991706 0.01598059559980195 0.05090923554849922 -0.03677493394899251 -0.008507497316440774 -0.006665281817598789 -0.07103567871949026 -0.011470654950135488 -0.004457682963893398 -0.016576287233420084 -0.17230226232128468 0.2116245654113901 -0.09198575137439031 0.07707102198411114 -0.015503249656444213 -2.8205691657718433e-05 -7.251533183318841e-06 -2.469234354943261e-05 7.1994487748981575e-06 -1.7536502018111173e-05 -1.5200273140340075e-05 -2.649407223466121e-05 8.805508725610795e-06 3.146009095059723e-05
b18 -0.14202440240014236
w19 -0.014708340715580392 -0.016518253853381962 -0.0030682794349047924 -0.0674842253557522 0.010557672550042604 0.01224304744418115 -0.0188667469511317 0.009927360403009209 -0.012834334862730282 -0.036458292793999876 0.004583822023759053 -0.019557463706614354 -0.05122786405272457 -0.00492271781636577 0.0022734325285164135 -0.013713138996807137 -0.03012244114478035 -0.03821569230187278 0.035537178615823485 0.04507502128830936 0.011170440078921998 -0.026923813350710896 -0.03522719471202457 0.010700246501812189 -0.0007111371317161029 -6.871816363063366e-05 0.03989144833335465 0.004674890267333133 -0.018201875482203807 0.02657108352937294 0.0062253116587470845 -0.03726182012289707 -0.048523937334556 0.004578601584541439 0.005069809059354453 -0.0018373673768213596 0.020886503713398192 -0.0009935455388894725 -0.014170419302484912 -0.004978860030251846 -0.018714972552243515 0.003975323622192563 0.006124374553528168 -0.022656771440954827 -0.02828133494800933 -0.00937173159010509 -0.004042638370793518 0.0026787479356322748 -0.026777013361204343 0.0017528477943956546 -0.0004879407822784214 0.00423125588275127 -0.015055066774325063 0.0020792980423608547 -0.0009625980239200056 -0.029806214562258813 0.010033548700982442 0.05754546542246252 0.029349893673995178 0.05652256861340934 0.10938553537343326 -6.93423228859891e-06 6.148331192816699e-05 5.7985087290515895e-05 9.597271263236288e-06 -7.070966703409377e-06 -1.8356272496063232e-05 -1.2064451851049703e-05 3.825678242840789e-05 -9.97590279009346e-06
b19 -0.5630513547947253
w20 -0.025074087513319996 -0.0071065944219074854 -0.01377082064920454 -0.08420857189709964 -0.07979388556369527 0.051101128280470275 -0.007214356166780351 -0.022537961709329205 0.02305499790240475 0.018933983943592435 0.026726794271191116 -0.00021778568430643635 0.00817387499750927 0.002083302782633858 -0.04170604879417788 -0.0378970924014302 0.013042914962754885 0.009545455437522105 -0.034826946560422685 0.0002735469727201335 0.0017539433604208373 -0.0003753443141080199 -0.006266866522741538 -0.0023432017103236745 -0.025371981096644722 0.026161185597292608 0.004590058247260367 0.022757994517402798 0.013551340851584031 -0.009100722708645032 0.0007052400342794497 0.0010182487169235178 -0.012234623700110008 -0.004122486415429003 0.0015568093147841258 -0.011702410813702165 -0.014926307852455243 0.017376086134458013 0.007997261844248418 0.0016724873015168478 0.010455600199895727 -0.007752704920094333 -0.012817355359736722 0.008059900556641438 -0.008123030522982803 0.0041899211592639615 0.008848708848821394 -0.0020009758464767007 -0.0016391236697600676 0.013017300445358012 0.01510773679973053 -0.0022767475397100184 0.0026978995858463507 0.004092411560770537 -0.0032668475420430517 0.001121377134872336 0.013028964288358471 -0.047481592575233426 0.012105265317992832 0.0052619378628847606 -0.021863167022106587 -9.599944410513716e-06 -3.905171624916275e-06 7.472808632816164e-05 -9.351448609945825e-06 -4.9386746229896416e-05 2.7741596330491546e-05 0.00015295553257712208 3.0322877904641038e-05 -3.567264502587932e-05
b20 0.46549746751159354
w21 0.25340724732960035 0.09566588475612414 -0.12482161880715134 0.028043097270087632 0.09671953929543355 0.0018026845003390572 0.06381551015977696 -0.09983655736921308 -0.09779024864818714 -0.1308631296872502 -0.08454263473951798 0.13673554926416157 -0.07641065125616202 0.1408751680964992 0.08961872820853264 -0.09221564546831798 -0.03862831498538351 -0.12952702003068398 0.005026534012056131 0.04733380653365579 0.10151828734244359 0.15502783554700372 0.08875808683136822 -0.02026007595601418 0.028973885622516266 0.051587327687797585 -0.1742113560529405 0.1290608353630821 -0.27470779069822737 0.20454058282056428 -0.04690969098757979 -0.09024843557871585 -0.10970183223713359 0.024572762457006243 0.1505784841357348 0.056300918855324476 0.06331282412253743 0.16449317185964135 -0.14251498882870084 -0.03955197931100291 -0.04303777697647851 -0.01813140432696539 0.011038480188399136 -0.19064866580289394 0.07890117765741667 -0.033465217025896915 0.03803802003481122 0.05913593858825172 -0.012019581286149172 0.04594300611671725 -0.19511028017227494 -0.028866611317300738 -0.05776857584521704 0.07121326258524369 0.13166709370549606 -0.004943142612703961 0.04445202950596688 0.043441331313670416 -0.08269599095841688 0.4024121254327179 0.3710605967114219 -2.4104785283267434e-05 -2.2307122856703314e-05 7.1522459477791685e-06 -4.522774377808588e-05 1.050499621020166e-05 -2.2871777166466505e-05 -3.937808163140504e-05 -1.3117555994763565e-05 3.846901541501646e-05
b21 -0.01058662308769541
w22 0.05544983460400997 -0.1375735268556536 0.029585990008856283 -0.13869231327605447 -0.09139514092154245 -0.0704165781259074 -0.05812255794509117 0.01613891796065365 0.019954235081292595 -0.04302556151189012 -0.009235489745363302 0.041836770538573854 0.008029882249992945 -0.04150596998369729 -0.0055768036552147505 0.061771132633938436 0.012380047876739334 -0.001824869300411265 -0.09400447757118828 -0.03249953028043122 0.1122124290718405 -0.06900277328354187 0.020224181396541065 -0.014357006383189715 0.019305007918849284 0.09357852030130015 -0.08871674784992332 -0.16029669202938357 -0.03562745175992226 -0.06778760698930102 -0.024837911532245183 -0.03768958422933111 -0.03186562394040672 -0.04106697566973536 -0.06650714723868092 -0.014971366647118876 0.07156587197322035 -0.0295856292258849 -0.018183853939970473 -0.06749497805966748 -0.09703665918076879 -0.061092573549140654 -0.026479031829946584 -0.0035394708190783345 -0.030448230446926974 -0.033559151488422465 -0.0009305364849099861 0.017591951489566916 0.036858096311191316 -0.02677896221227485 -0.016586168991647596 0.010161211519869534 -0.00509508984498158 0.02473627914987707 -0.043522291562864995 -0.06690776799412881 0.033928223551751485 0.08938947639887078 -0.07840122509344727 -0.030244260025062676 -0.00019247958266813418 4.434428352482619e-05 1.863504716447524e-05 -7.023954328332977e-05 2.2390971045513683e-05 -6.879039426668721e-05 -9.57658380903315e-05 -4.199519142821834e-05 5.020590836296283e-06 1.955055095323737e-05
b22 0.36038819282961065
w23 -0.14839004372999795 -0.16632405896004882 0.09766289228858516 -0.11190386481512851 -0.13125778590931111 -0.020288719843749508 -0.0755971926658199 0.10333766415662807 -0.01041019743761321 -0.16613837913966392 -0.14630608316813384 -0.04922296448662254 -0.2533754723007847 -0.03611864290620451 0.04778786299140256 0.1396346318984522 -0.04470136667192853 0.032805460531389954 -0.10865559627307245 0.015622845141615466 -0.002113500816822373 -0.1755589542333514 -0.07674378063785293 0.07281748319287837 0.01219051253447944 -0.058029224215892024 -0.015822672970014506 -0.08051340045129482 -0.09858121387123726 0.008965273838485088 -0.014632752258849848 -0.06712187543129855 -0.09044027545185439 -0.006343472610245542 -0.06293494971783656 -0.019513722578177208 0.03184218480207911 -0.010415914961348392 -0.0708405681690614 0.006655416051648091 -0.1568484846920581 -0.10302508809673452 -0.10728696954014456 0.05195678916701401 -0.04126549327802963 -0.13679894134487 0.19856406813896313 -0.004643768315651011 0.07685262237028342 0.008982712680593424 -0.04756318654893084 -0.016661838641432357 0.015970025127113905 -0.01754783037243004 -0.11679410304952587 -0.05454754486654775 -0.04240723804576582 -0.12066584233220976 -0.04491435229575354 -0.3490326064781979 -0.04980044441571496 -2.9165936745315834e-06 -1.3766929567697076e-05 -4.1591748798678e-07 1.7343898969731943e-06 -5.7386738685613887e-05 -4.831806508178191e-06 -3.362445123453859e-06 -1.4359980678264409e-05 2.2566330245794866e-05
b23 -0.02101260118303564
w24 -0.13512046374261583 -0.1451922897112751 0.011565110045816398 -0.17762931444191551 -0.02695896308609969 0.005311046051343747 0.0017323489912899979 -0.05911724268448256 0.07234522586666745 -0.05645723595893682 0.1788511882007936 0.17736547271941458 0.16295101809199183 0.005572953538342879 -0.06864291551639573 0.00515658229230798 -0.0738150709214268 0.15322782069537144 0.08003787392723181 -0.06852052056691468 -0.047736883817153075 0.02565260689505793 0.12206912765031205 -0.13924123071558153 -0.021560988909400444 0.00512596222370957 0.18744487774762683 -0.18820373478730293 0.0689402509170207 -0.0197431151441144 -0.012347731335925647 0.09994267432513197 0.11509367234307562 0.01248582903600312 0.025601663545397068 0.06256400754111877 0.013721470823566192 -0.0712514104992622 0.12323615976639805 0.07374566820424171 0.20857915282546882 -0.0939625176936632 -0.0014017227943041153 -0.057841836019691686 0.025868583974843574 0.0556423369149063 -0.1775715409085319 0.019014251198542595 -0.11680344881943154 -0.11151525828675415 -0.0021151207773686337 -0.028565929794782705 0.0508313727159802 -0.03294389571481381 0.13951085817514214 0.050709862790249215 0.008859966141561485 0.07454856467823465 0.14183427563925147 0.1688738364453247 -0.20361589387964296 -2.004287987757245e-05 -9.142844221910696e-05 3.6314749374020375e-05 -1.4352317364853516e-05 -2.055691211127031e-05 5.739397033325149e-06 -4.648591092879369e-05 -5.92593122487264e-05 -4.7054990381749904e-05
b24 0.23550058709065194
w25 0.10873464864740096 0.17297705262103674 -0.08188287028393601 0.3385101268149802 0.19269875046496532 0.08900113953567804 -0.07116293355894879 0.10606643786853617 -0.07912024339257759 0.1599494711944875 -0.06322646644683146 -0.03525344663368081 0.0022326455479520493 0.03127898612957316 -0.04581505756161672 -0.050553969062380064 -0.04225319161123198 -0.01918540964098868 0.030104648485966556 -0.12234634119288648 0.03263412718620002 0.08301422643489291 -0.03461715181433749 0.09240706301423471 -0.002899110521398892 -0.03560044624438312 0.10772349810042858 0.008811399796450252 0.02570106397688456 0.057408851421629346 -0.07987511985196208 -0.02117396129816271 0.04652427233647696 0.0067257368225073985 0.021659441592932576 0.02138617009881823 0.11878130994327377 0.011353959238664656 -0.09870599607399252 -0.014962351605698582 -0.10982925447109468 -0.013620940688667817 -0.07668027017008956 0.02206019668890226 0.03613358114098062 0.10680354383884803 -0.008769448012831558 -0.0368483587855589 0.07708182915463083 0.008384625149197354 -0.0026377692800777 0.05970253513685973 -0.05739040812496008 -0.03845377360860092 -0.0951022739415138 -0.0854982631541712 -0.16219935854563375 0.09421427178347885 0.1184460800835818 -0.048534525610893324 0.22297862299490082 1.771164845295554e-06 -5.773997338481528e-05 9.901330773496112e-06 2.0239069446313033e-05 -1.7471917466343948e-05 1.6287437971275336e-06 9.726193779477405e-05 -9.763738819984073e-06 4.206992667337028e-05
b25 0.7037702500217472
w26 -0.04698678608056206 0.10736539977962593 -0.03847290040414823 0.00567262105621221 0.04133514867942899 -0.030128578660876044 0.04677574802941942 -0.032930338518286445 0.020403104341473025 0.003159448245091678 -0.10265177989436503 -0.054783842168991126 -0.04566068298122787 0.028604260225583163 0.00465915820374261 -0.09785349368238688 -0.05212928699444267 0.16329796198254856 -0.11520216823406224 -0.16713928554015275 0.037412463145186765 0.03628956327615901 0.11168545326110452 0.03840676183052911 0.09083061553208638 0.13496299734694317 -0.05077175969739841 0.037173548389089484 -0.05761222076392406 0.058383272802721244 -0.10320588055308656 -0.20879770546067936 0.082241204412227 0.04551377636384481 0.10697696615138028 -0.15423443901006242 0.11389015082511583 -0.021799717691502293 -0.010175854202602991 -0.07668553860601084 0.2057258458857848 0.21263635746389134 0.08669545232470702 -0.01406339492173517 0.07477047672941368 0.09313611844077052 -0.022684923080027786 0.01923504166452431 0.06576857843819829 0.001834941324005195 0.0067321974577119765 0.0012543045083924444 0.08950232813612653 0.07268602644073267 -0.0418747505279145 0.07743757090821163 -0.01616480958545542 -0.010103681759478546 -0.15779634582644111 0.21910568306576664 0.17388931386071693 1.9076216742461576e-05 -2.0361382193624036e-05 1.096551369328185e-06 -4.7096041766777006e-05 -3.7034452106013124e-06 -4.7783213193157064e-05 4.0727639679501045e-05 7.204975370048096e-05 8.774466284095998e-06
b26 -0.6504595985719133
w27 -0.031058933164402697 -0.15007078368347262 0.1464258948425791 -0.02711096081206086 -0.053095065019462234 -0.12441133600827686 0.0556194175273028 -0.08811579004481071 0.1021144051812854 0.008341871232740338 -0.09301255228652018 -0.13814924601707748 -0.11310550901492471 -0.05205962814720851 -0.06737217597525974 0.10603101374945764 0.08110997906398473 0.02622839701395231 0.09783097492885168 0.2339545043748165 -0.03080289546283858 0.024287739720707524 0.00026806075591813986 0.03820243353652531 -0.07381864742565784 -0.02310876334714688 0.03782511029092261 0.04087521346040396 0.2083588878383092 0.06836715635659711 -0.004429877039245993 0.03873549801359114 0.019204031254311936 0.03773604401875464 0.0014157143394098106 0.02254588505443847 0.05093129647622726 -0.052404786589406824 0.014193663042466456 0.030836529933422663 -0.01768937407531314 0.02534674363336181 0.10737744029528518 -0.02258712643069845 -0.037218871556582406 0.13467104299673233 0.05705035631206247 0.15278899383435926 -0.01309260103689652 0.014186965235829328 0.15063002364265102 0.05795557064314795 0.03909179299078928 -0.019876804272126982 -0.06552325170756189 0.05155949388158979 -0.0844587244790546 -0.048010402344175855 -0.16906004293036153 -0.08515619571802752 0.10572264348558974 2.2134914157127502e-06 -2.102885682586099e-05 1.9509056989917476e-06 1.0497034168855413e-05 -2.669989700235075e-06 -2.4706167458223387e-06 -6.51076907595209e-05 7.835258486145615e-06 -3.5782952479563805e-05
b27 -0.4323474915484592
w28 0.04696468641470931 -0.02455014588153822 -0.04282580681291795 0.19561160026224686 0.045969276692476566 -0.0497537855015185 -0.005628969093536636 -0.004515128531703434 -0.001783046498523009 0.08865193509758393 0.0011057478685623408 0.011726838659151804 0.02654456950693733 -0.05654086356856386 -0.0746842328151702 -0.0009407566270927657 0.0482468487489679 0.017636601452105004 0.02835728145203964 0.0909649798809206 0.02679622784088 0.08257779101833802 0.02785288074607727 -0.09107229021431601 -0.09075111655221314 -0.007845272798527557 0.020657976176857797 -0.04834076334378664 0.09537634068356643 -0.05030253141534963 -0.0792084454808277 0.06634422478609803 0.03254323611207167 -0.05238775687357783 -0.02456855127492892 0.0474541909079586 0.023465774832148324 0.04378879550766262 0.024941799837244063 0.03942856048247393 0.0368364860871744 -0.03429401902363202 -0.04706624485998544 0.013682462253889941 -0.051685782286503786 0.02516412984879871 0.03373101335104412 0.009664928905963724 -0.008794109784140901 -0.008650745009738883 0.028227717932730226 0.02363913458987712 -0.01731482522741486 0.012648036046901965 0.02203570563523257 -0.09795898538181108 -0.19430271232453616 0.06103774351265342 -0.20808438266977117 -0.09408120166139305 0.021531813177407592 1.464062613639294e-05 -1.5075498920133842e-05 -3.572143079747937e-05 -2.247731190847298e-05 -9.048137457511314e-05 -9.793621440714097e-06 4.442400170303059e-05 1.26818478257003e-05 8.422510287401093e-06
b28 -0.29998045878990187
w29 0.03769549360076146 -0.15721935384184177 -0.013758807582568984 0.11461804883721732 -0.10962741075373719 0.10834278851104706 -0.07291385307457592 0.07498744820806505 -0.0155159400061884 -0.09091563331849328 -0.06418984789898996 0.11945559522442646 0.05660177859542037 -0.0610087452283428 -0.08785711046123582 -0.038831350446378865 0.1207102578239178 -0.09050071962326325 0.09026304743294587 -0.004925692688507754 0.029463232973439793 -0.04494062966776273 0.08488433202198559 0.009762447989814314 -0.036652251969319864 0.10175925246486706 -0.11622118403564889 0.031244940889406266 -0.07043682550868911 0.02928020304764482 -0.09454029877306297 0.0557361233592667 -0.050397519927483446 0.03931133369957453 -0.0013820106128875542 0.006213641660696816 0.06211780645651458 0.05099028107361704 -0.0565094288706507 -0.03886984177397752 -0.11200514593338845 -0.03864879986655742 -0.04544955298621393 -0.020254219401870072 0.008677705234196663 -0.019879080283760984 0.019293241898049575 -0.058017752626060515 -0.007688569550530788 0.0564370353803412 -0.04440667922728079 -0.008509256123977077 0.02966669799177637 0.026448734491612558 -0.008152333004359037 0.12561724690011505 -0.004624669385166726 0.08267846625755372 0.03594955572411617 0.0340976053939714 -0.026112790494793103 -9.627051642880484e-06 7.365578560110027e-06 2.6366991325087134e-05 7.352741971367997e-06 4.28446829577868e-06 1.4606859185243978e-05 1.3538236036160659e-05 -2.45088627981329e-05 -6.931945410182764e-07
b29 -0.2625784517894982
LAYER 2 tanh
w0 0.10538834652926753 0.06934664917498602 -0.20098853266472425 -0.023837513134331318 0.10586367459183169 0.13533919511744924 0.10947242727094296 -0.01566905741041308 -0.015189067387208785 0.09450189244779887 0.030597048800780263 -0.04878705236099889 -0.2702789813526185 -0.03908281397488968 0.2696513686127033 -0.15253777188699574 0.16324350045273728 0.021185750386908217 0.004370589292749647 -0.038465383495895046 0.12547931502638013 -0.11209311477847415 -0.0195638353027954 0.012555441057926373 0.06486554658258249 -0.07053531471160614 -0.03668044688997988 -0.09663589203098832 0.08621557640870744 0.10961628478868755
b0 0.6481029635159974
w1 -0.08433195247953267 -0.3471569831987324 0.07377793608357099 -0.07562996989719956 -0.06758904452946432 -0.020679615891522726 -0.2554228671899734 -0.07492851405561289 0.11055350846965827 9.196193474526558e-05 -0.0803815442519723 0.1003442676379805 -0.6046113190694865 0.2977116923132491 0.1895682720057132 -0.07518601191193267 0.4612626681086108 -0.09272852564037946 -0.20741618240725165 -0.45012341435079056 0.17488232173595875 0.08246268837206004 0.026352484863575696 -0.08755776565807948 -0.12957775501270433 0.05148105386762057 -0.005111371072016165 0.055586983240230425 0.1267856175517245 -0.11556829805849114
b1 0.7509956509308185
w2 0.006874602500807335 -0.1379142804910906 0.3020261403170148 -0.38426342219528076 -0.21413344445961668 0.08010904277422434 -0.3076907333615737 -0.07569194571406104 -0.14031932349631193 -0.0357845435136237 -0.06812643003907023 -0.18561211514773654 0.03356456136275194 0.2770300942604824 0.05961010423561717 0.12695801131003168 0.017295779209306097 0.14147616750873124 -0.3174585141734962 0.1198852531427455 -0.28456617324955413 -0.03838866976171191 -0.13038733084344278 0.2914687528014181 0.022893954363226054 0.23145066583624735 0.025175476401844348 0.04171168831633692 0.25357459815946126 0.15507970991549572
b2 -0.02678559618488964
w3 0.03210997151853364 -0.5198200822387516 -0.5808573037713561 0.06235311732440648 0.034936451483435646 -0.06795983635791802 0.06626322642539959 -0.08707708864793336 0.1329628271473008 0.18882271510540558 0.09821845581322317 -0.017897821069004373 -0.1633687922861991 -0.07167858147446854 0.4898105603324012 -0.24405011044683336 0.10663281582655704 -0.12709048658881617 0.02125632604797382 -0.17697083741768863 0.3024486204916675 -0.007675202399162291 0.13472658364833326 -0.14853710605081344 0.03734401866167216 0.2026287100381729 0.06423844338243058 -0.010911742205731035 -0.18493170352312496 -0.054818619178393396
b3 0.8918421650442313
w4 0.03363784116228226 0.18216720982512202 0.25275203443780525 0.002625617255258835 0.06243286383822862 0.14230773487482118 0.04386917774039396 -0.0673169509506438 0.01864995357638761 0.28843632267886454 0.08342317211600105 0.3680658462708148 0.08449990599630808 -0.04335993312802849 -0.3712804477965432 0.3600798101170063 -0.14123016005978692 -0.1253665191468642 0.08532649019492555 0.17602292276887616 0.21802759560017188 -0.006830182737375559 0.21429556062632454 -0.03710413696844201 0.046904575481564396 -0.17040995128737552 0.1250253569430582 -0.01044547595858675 0.07168972328444453 0.1634633487836629
b4 0.41382462635558404
w5 -0.1080110660884908 -0.5337802644942228 -0.6709889842717287 -0.31030396157632967 0.0665399080943788 0.11871485121143613 0.0854557385251525 0.08139256473692776 0.05319894343023014 -0.05412736825888224 0.35011926574216873 -0.22705623199042407 -0.7113499525400788 -0.07606983791958469 0.7409986999735664 0.008469950427347427 0.40739542183492194 0.03696350501208781 -0.1467786779781896 -0.3995790237115202 -0.20987958509359114 0.02105834972444571 -0.39425571552365685 0.15391848987872175 0.005633773339924582 0.0682613096416979 -0.05173814878383029 -0.07442211303018587 0.07131267974470143 -0.030347719875293014
b5 0.8171729359361001
w6 0.024297253278838284 -0.4256278225507599 -0.3385814152837934 0.14284746827368258 0.021765330771443776 0.169313058280061 -0.3444160718460449 -0.07464336264807427 0.08305622665704586 -0.1487567792764337 -0.26503426374992933 -0.070157236504608 -0.27117852551078353 0.2548441189818853 -0.35768520168738255 -0.23680953485143658 -0.16031095557025743 -0.001815327326924662 0.05952885848963216 -0.17324473393897719 0.08038175596326833 0.13658924551779603 0.03625769482257923 0.20351730802298532 -0.07193326039179568 -0.07299375787587084 0.22175659711147888 -0.013071439259955972 0.10912564949502646 -0.10816845833975013
b6 -0.1722842111414828
w7 0.010844325983409082 0.38159990181080744 0.318995543109268 0.07714259440409044 -0.15300484001874912 0.011422819138257581 -0.07450579233751192 -0.05586807223910451 -0.10448215039015685 -0.0652067619844023 0.4274704571787886 0.2548853231116697 0.01045854791821657 0.11368094905249226 -0.032277723814745564 -0.23361043326850875 0.012296526220918425 0.03372554836974034 0.20846965975216247 0.11497521775732902 0.361172332403549 0.13672231654313646 0.20585190030473483 -0.15833613313965159 -0.002879275099443994 -0.19805266311657824 -0.0007504986061092287 0.07172652168910253 0.22704463764652447 0.10619754803424115
b7 0.002854596718135281
w8 0.16943177262991535 0.027601681049973112 0.0393972794687323 -0.025812930622120214 -0.08700189833066095 0.06480650583634846 -0.09042717524941449 0.13412914513033075 -0.2515062115618385 -0.13517077647366388 -0.11644777663604154 -0.03854079597223773 0.0006413847055365367 0.06680726455153568 -0.033369064035378294 -0.11539402747809634 -0.23397762771945968 -0.047375938267105934 0.08979720501871166 0.33909431057891987 -0.08226120790247156 0.2606932515999036 0.25461228003243197 0.02422323136171241 -0.019688600274674797 -0.1129588441244531 0.057909986124424134 -0.17642584625094682 0.30038457582229927 -0.0032986008251194025
b8 0.013698661619795561
w9 0.17987142936763817 -0.8143186943257575 -0.27972373670883643 0.1448697575292214 -0.05979738343539913 -1.0070224604049345e-05 0.05797890254294751 -0.028621739852069433 -0.3634700697100377 0.030710878365919524 -0.010212110685760938 -0.25274863928856095 -0.177467662688237 0.3807667007606641 0.08641455089450499 0.08727309598151721 0.010391510493681845 0.07967923085032691 -0.08918468078543322 -0.16261177942672256 0.11667506792664284 -0.15997301363998584 -0.4447591691679582 0.1004923132199305 -0.026597158685161142 -0.11999942910264583 -0.0415004567861613 -0.1957542359376802 0.005920807276870511 0.10680731876082546
b9 0.0901948896777585
w10 0.09437596122449181 0.7956319331834383 0.522464333329359 -0.4515925017369245 -0.4115136393428441 -0.09401132992978606 -0.0920657504866685 -0.10800777018568762 -0.04531478737727535 -0.0591463323452314 -0.1032685432879203 0.054134307290622935 0.15477354143441288 -0.31368745599793263 -0.44057672998997305 0.4419564771392 -0.3648164760246403 0.052519323062889416 0.033690847990834466 0.6922943108259031 -0.18566240219048918 -0.06334572228903258 -0.07830799466145694 -0.043672258210732465 -0.02952304578896322 -0.12632524295569705 0.11285657057590344 -0.03564909807847805 0.16623278224235152 -0.23905629509101087
b10 -0.9148678842750029
w11 0.05424945701234955 0.309589863121764 0.08640226425681675 -0.08980497714800693 0.2530054080651873 0.014994329130772036 -0.16199089790338025 -0.05941838964147944 0.12462942018552967 -0.4043563612468046 0.06194854138234223 0.2965716860501419 -0.28105828082140455 0.23774065284714443 0.2860713490037085 -0.28166267367407793 -0.08525976603137432 -0.008249142806198888 0.14922097251157365 0.20055515039331595 -0.40046385366211706 -0.30111792891417166 -0.015313890022900851 -0.3433716777356739 -0.16426935370235116 -0.1641876145674949 0.15768558920011114 -0.05451800419835613 -0.006252022050253175 -0.12294806547213877
b11 -0.12152954887643812
w12 0.028260536234249338 -0.23066196985148907 -0.08770084582625387 0.0353733648290578 0.06118228268865041 0.06149892551446378 0.1987402875189839 0.07574665975950226 -0.05941101058191809 0.12657488780670675 0.016758444629954083 0.014920356671484261 0.670837436840139 0.06881887658908684 0.3400566638872102 -0.1356932164202621 0.013437559815947641 -0.03749277435251276 0.04835845351632662 -0.09287706569821662 0.039412446236240004 -0.007780231520297022 -0.00804853899716197 -0.023741217760344446 0.05190699306258045 0.04570796005079157 -0.1441406893434765 -0.09578572736794909 -0.09723490421523671 -0.028350241935280886
b12 -0.32156185165379303
w13 -0.0013447116460011967 0.6447678376882238 0.40537095847708277 -0.08354944373911634 -0.11266233080070429 0.08549397218799745 -0.049093908162373946 -0.07240471396974511 0.21145403828724743 0.005197716953342094 0.349615324497685 0.12987586195731127 0.5000783989594049 -0.15427578754319882 -0.5757072592627486 0.33400341533835026 0.2878040075315335 -0.24747808881127323 0.02786693818404248 0.38224281268106214 -1.0269897286143872 -0.04910153707570851 -0.09078763425720439 0.025751264574425954 -0.13842158423193066 -0.238990490596791 0.259671482368157 -0.15972059752812207 0.2661522854314869 0.12362888209447315
b13 -0.7104416915540173
w14 0.02773081371200426 -0.6334652129024545 -0.13632347085927257 -0.0717659890244725 -0.10800081203815684 -0.09351329682578252 0.11611152234208132 0.006156773798221077 -0.12140718087851543 -0.0319031565881558 -0.07558816073957919 -0.022000391923919258 -1.0053762406423699 0.1381395360567805 0.2688359866544451 -0.38272235599993987 0.28072868386133515 0.09540299865266592 -0.055076575316919736 -0.2914958664345483 0.6470121804767819 0.04779208841721626 -0.05855527994951023 -0.07456069443413145 -0.032154505539922586 0.13227371658084916 -0.17825128942399257 -0.07581261946574339 -0.2677036249876513 -0.1604763686286157
b14 0.8059649886724678
w15 0.007461373970073086 -0.0030774771670695833 0.0016108105683842698 -0.2578378387716711 -0.05091975537098979 0.09707137698553174 -0.013581084542889912 0.029598382521471848 -0.018694609078562033 -0.039516327640500545 0.015519360083302833 -0.011614000796258832 0.04960938162601829 -0.14212964043872595 -0.39815900677658334 -0.07074926740870696 -0.0017715636801885943 0.024009785566731154 0.052021737300339606 0.004970563432737834 -0.22503339085035345 0.04961962767936956 0.0035303539666517955 0.0128933129379713 -0.003188148094394071 0.03876123320728945 -0.050846747856719984 0.04925379129599288 -0.007095572982405478 0.04450323888904847
b15 -0.3013995609044257
w16 0.09477824844246266 0.16957176732157248 0.19194957046599506 -0.1913274584943788 -0.06970418336620758 0.006076728156013587 0.19290625541541384 -0.03373050519929935 -0.01064614957507979 0.0355271717932753 0.18916888032023826 -0.07377013124361746 0.06429648667909636 0.0029165213679642078 0.05571672998494038 0.3793998478853293 0.17282166799350024 0.08927676492924788 -0.06458377841807054 -0.022496676734032568 0.186310540831144 -0.14742066393907322 -0.06926346546445859 -0.0923036446639023 -0.008049852078350395 -0.007419398066065872 -0.13197403842497293 0.02245266458593497 -0.20132499838631704 0.09580055268068016
b16 0.19988395732918993
w17 0.05210590418273401 0.24638427989527575 -0.1152140662441281 -0.037579523473883665 -0.20311847478689504 0.05901238252249947 -0.08782837710887942 0.01244193970298051 -0.008234779812306298 0.14641687575584175 0.1428540705666145 -0.08285294809590642 0.6176627547468201 -0.13496448789135682 -0.5815787334332033 0.3995328045251728 -0.24209730023772089 -0.006996180432000326 0.006626952616598465 0.5633896600645684 -0.5590697848989628 0.005131743302872229 -0.08536709288244257 0.11424070504798509 -0.056121674384476516 -0.21793691938856102 0.06291750322119201 -0.0034116834206463467 0.076609856121082 0.03544570749980519
b17 -0.32117187610664527
w18 0.0049901414427414885 -0.13399526577723322 -0.1426099952908397 0.14653796873117056 -0.04084543128542705 -0.09417022932938113 0.09321647216260194 0.03418899849855272 -0.0509155370179117 0.04320479603576385 -0.032765237562116196 -0.012171253245345856 -0.18761690163733238 0.05511370063061301 0.1892412834166238 -0.1522435083092266 0.00973925669664804 -0.04276754770917146 0.07266537786307983 -0.17260197989648932 0.5764462639325679 0.041787450764721595 -0.13674354516802337 0.01783321543314057 -0.037347157694245486 0.028998568324062196 -0.04828325120384276 -0.052664593853616735 -0.06507150872625325 -0.06976606185949259
b18 0.5095346028335828
w19 -0.04590969023344905 -0.025731727068644884 -0.03997237119275989 0.09411671611206208 -0.3211504489644459 0.12688412690006803 -0.39031333857212447 0.11534573896274766 0.0068494409707991885 -0.3742402540086944 -0.1606378616817828 0.2222818328718063 0.35275833575812243 0.2208037252028425 -0.02610041371341591 -0.30779982250791754 -0.43222035313201984 0.01772751119388851 -0.1377730537027698 -0.21141616197462768 0.0952475725294591 0.47546007258721346 0.03449034576166216 0.1380931204097776 0.04105919260480332 -0.10821379822469736 -0.2592491190600106 0.2843088189602272 -0.15204162743839175 0.10100894201329287
b19 0.30645795567217027
w20 0.07992553514150477 -1.017362650544186 -0.6157319028342548 0.19423456238139958 -0.022536412985106266 -0.06352784921916113 0.22113132834777355 -0.11290268476052602 -0.2559383854218248 0.07422361686001748 -0.14839246685574606 0.07929632537452413 -0.6934624246825594 0.5405821678242555 0.5455261569287013 -0.24951402588429678 0.3749985775286626 0.15855122289454546 0.17476905061982617 -0.4801698077818002 0.07547422496586488 -0.028472632687010543 -0.1823801566728631 -0.12000082910066626 -0.03889469152331552 0.16172207315338086 0.038629489151746736 -0.2734565011407358 -0.12648333378336835 0.020505133806349326
b20 0.7147338108031545
w21 0.0748678600294665 -0.21660062493420662 0.01014892330614583 0.6366311659391878 0.17152498467679514 0.23780261018219392 -0.03847228797177924 0.004498574696768856 0.07882119132765951 -0.10485206151902154 -0.03145809863497705 0.11480037349241971 -0.1851200670010412 -0.4601332059662472 0.15652061472750078 -0.7444462133188444 -0.1896500370794473 -0.14485126015560357 -0.05546054910459989 -0.02376302933767328 0.1221787997772774 -0.018932379614238583 0.17606204058888114 0.10336627214010552 0.18365741856661463 -0.20385738952914131 -0.08434318898017505 0.006951805541287974 -0.1633848864943314 0.16180876382134318
b21 0.06350930802104472
w22 -0.1604220583014046 -0.21283188895081273 0.2256718339130379 0.07712867165108928 -0.03464935152745678 -0.27642930979504576 -0.245294419770357 -0.10128102868718146 0.23921559456268549 -0.11515244964709484 -8.72255437011115e-06 0.15737645825422575 0.0009624429148348983 0.018408659780478284 0.04611072447807676 -0.07931437218217334 0.18310325219180654 -0.1593192332239904 -0.07879523350756391 -0.3871102974527004 -0.036020263217293194 0.20643765845752923 0.1775684024421907 -0.11781038610617195 -0.11397896540952561 0.16441369994645724 0.14244792253086405 0.16912657908153467 -0.17031673164306912 -0.22362361281350734
b22 -0.3157117093396125
w23 0.1333036385174109 -0.21287312445832915 0.05233053014728304 0.08215449315945841 0.022564887369440324 -0.08998245924436907 0.10888462537209331 -0.1386381767889912 0.014967210667101605 0.010403039199032793 0.12591669982662662 -0.10739489326042939 0.04320363810496024 0.04532350125055072 0.11643625933303829 0.16829652066540882 0.20590668618255925 0.10469458837146589 -0.07723020199116234 -0.11839587161268698 -0.29051483023720426 -0.2555951889818344 -0.17149468413833824 -0.0987499771268349 -0.048280598296457915 -0.19343972206447577 0.058989773163648916 -0.019788982287713735 -0.05876264270807772 0.13185133572834473
b23 -0.025576075362270672
w24 -0.09753382596529957 0.6765734299121459 0.38290299843481806 -0.10770482773364423 -0.11555499115941954 0.1520223158528645 -0.11131187322934884 -0.1329872268790015 -0.01559266909265062 0.07749840983080816 0.2848682079823894 0.4656515169226553 0.6073276490106039 -0.2757668322224229 -0.5155828556078412 0.3804286898027371 0.0024865821158227414 0.10119107760011163 0.1948317628507389 0.463424518614685 -0.7773447907450101 0.06154601767723143 0.2067163465133595 -0.08384289729004435 -0.053237569678917365 -0.3125633305886668 0.172146635677803 -0.08278537889458977 0.3143397886146296 0.3058412152933205
b24 -0.8082631408263016
w25 0.042715662698544495 -0.7210508240861259 -0.10547649594475571 0.1108543776786665 0.08873139995303564 -0.16169590912994763 0.033429375986563425 -0.09383516531567898 -0.10837067536336241 0.034211612257100475 0.01774128846625923 -0.041090834055527284 -0.47871592818674413 0.022682148845218516 0.1308579209669382 -0.19399921408611645 0.08970113237071241 -0.20948272626255507 -0.10990911417578494 -0.645535436319333 0.5462559334560192 0.15141764256221035 0.13951907866977442 -0.0345014066029763 -0.03364640129808594 0.2063720885260461 -0.08064569800402953 -0.032813957314571256 -0.15238102092773134 -0.1854386529315817
b25 0.34927828639681546
w26 -0.15862666625038488 -0.15477001492965312 -0.41926592581114314 0.08991421882242101 -0.11601712843126817 0.07843891132973799 -0.201856737098149 -0.046817664873482275 0.01786562315313529 0.20228533496776305 0.015488812742508599 -0.06410161927967414 -0.22130274810668768 0.1342072647503798 0.10173585338762998 -0.4385113665463731 -0.21541005914507866 0.2680483279080835 -0.17845386551997913 -0.2504644998704311 0.36989946479726565 0.09633819503996496 0.05319803141559541 0.0547024075091037 0.23400286993767092 0.04353248437416797 -0.1543940373842657 0.1464383781693314 -0.3256095708061234 0.24441972202612253
b26 -0.09049805160405867
w27 -0.16273798314809357 -0.18047581900974743 -0.1633417001492046 0.15664444071268332 -0.056145494626213203 0.30546412963280634 -0.12305214640723247 -0.2826772533129587 0.1384407062644315 0.3108758432122362 0.08659193691462165 0.01341570794524129 0.08207238797870191 0.43663520640466874 0.19918163934894828 -0.056316923534521716 0.3280624516633544 -0.13118796329783233 0.11831044578269168 -0.41751060583410043 -0.1823437108674721 -0.1915804214555104 -0.15269942022251234 -0.2956676024115636 0.12361288774829712 0.17622219860391178 0.29722161186108054 -0.024585364522672286 -0.20038343849110274 0.1204281948524751
b27 -0.09613823252401477
w28 0.009021455526655894 0.4610630095423418 0.10310872183111267 -0.1546780858225097 0.10073765541127953 0.13812325517815335 -0.1587123707407369 -0.091707301844077 0.07843369072038907 -0.10120577028902283 0.05424971037276037 -0.2317544045005293 0.8249602309305134 -0.3960666415608568 -0.5292484042116143 0.5953449802128543 -0.108347443267672 0.1398645227811258 -0.2836613860388162 0.6824185368274567 -0.5488546541911122 -0.11165627563655325 -0.036714714041107155 0.08558261189844206 -0.30524982770289233 -0.31113908926470224 -0.008127993118561647 0.12721895766978647 0.2956258682997506 0.07216618578173588
b28 -0.7393595851333867
w29 -0.049196959423635535 0.0376887068768391 0.23923067651453286 0.2128297773176967 0.16723355259202607 -0.4672814323713237 -0.17958721099096842 -0.1384336032274247 0.1687967320431607 -0.05361453526112607 0.06585851363953646 0.09639941867762858 0.6051430293487708 0.19279785331311802 -0.4006676204751786 0.17814448175628408 0.132649404135539 -0.047024724415882464 -0.27765191558895985 -0.17870319560542516 -0.12855626511512486 0.20060977190824553 -0.1391409924207397 -0.3313480822934527 -0.24499099839273147 0.18900888034063873 -0.11157829152316943 0.10857577702036275 -0.1162542070001576 -0.13063336199233358
b29 0.4534733147701537
LAYER 3 linear
w0 -0.2186381900530801 -0.3859711611785927 0.050906335918279366 -0.3294018448491258 -0.03505054229464529 -0.19969502934179786 -0.008259300826844175 0.007576034114845441 0.0022884652359285254 -0.025413670938565617 0.1801761432689752 -0.005617275139237538 0.3185132295953467 0.2555087863449971 -0.2747188202382374 0.2804840087780035 -0.18569863934485695 0.3250256958282645 -0.3638322359544032 0.004724541079906581 -0.2015177021813704 -0.0030999712786849674 0.09291963960384218 0.20784467693778153 0.23721446526207443 -0.2696536017010115 -0.006296181632725696 -0.005521925125205593 0.2290835618841705 -0.009145712025529188
b0 0.05661561052641337

POT Cl 6.0
SYM 70
2 6.0 0.003214 0.0 0.0 Na
2 6.0 0.035711 0.0 0.0 Na
2 6.0 0.071421 0.0 0.0 Na
2 6.0 0.124987 0.0 0.0 Na
2 6.0 0.214264 0.0 0.0 Na
2 6.0 0.357106 0.0 0.0 Na
2 6.0 0.714213 0.0 0.0 Na
2 6.0 1.428426 0.0 0.0 Na
2 6.0 0.003214 0.0 0.0 Cl
2 6.0 0.035711 0.0 0.0 Cl
2 6.0 0.071421 0.0 0.0 Cl
2 6.0 0.124987 0.0 0.0 Cl
2 6.0 0.214264 0.0 0.0 Cl
2 6.0 0.357106 0.0 0.0 Cl
2 6.0 0.714213 0.0 0.0 Cl
2 6.0 1.428426 0.0 0.0 Cl
4 6.0 0.000357 1.0 -1.0 Na Na
4 6.0 0.028569 1.0 -1.0 Na Na
4 6.0 0.089277 1.0 -1.0 Na Na
4 6.0 0.000357 2.0 -1.0 Na Na
4 6.0 0.028569 2.0 -1.0 Na Na
4 6.0 0.089277 2.0 -1.0 Na Na
4 6.0 0.000357 4.0 -1.0 Na Na
4 6.0 0.028569 4.0 -1.0 Na Na
4 6.0 0.089277 4.0 -1.0 Na Na
4 6.0 0.000357 1.0 1.0 Na Na
4 6.0 0.028569 1.0 1.0 Na Na
4 6.0 0.089277 1.0 1.0 Na Na
4 6.0 0.000357 2.0 1.0 Na Na
4 6.0 0.028569 2.0 1.0 Na Na
4 6.0 0.089277 2.0 1.0 Na Na
4 6.0 0.000357 4.0 1.0 Na Na
4 6.0 0.028569 4.0 1.0 Na Na
4 6.0 0.089277 4.0 1.0 Na Na
4 6.0 0.000357 1.0 -1.0 Na Cl
4 6.0 0.028569 1.0 -1.0 Na Cl
4 6.0 0.089277 1.0 -1.0 Na Cl
4 6.0 0.000357 2.0 -1.0 Na Cl
4 6.0 0.028569 2.0 -1.0 Na Cl
4 6.0 0.089277 2.0 -1.0 Na Cl
4 6.0 0.000357 4.0 -1.0 Na Cl
4 6.0 0.028569 4.0 -1.0 Na Cl
4 6.0 0.089277 4.0 -1.0 Na Cl
4 6.0 0.000357 1.0 1.0 Na Cl
4 6.0 0.028569 1.0 1.0 Na Cl
4 6.0 0.089277 1.0 1.0 Na Cl
4 6.0 0.000357 2.0 1.0 Na Cl
4 6.0 0.028569 2.0 1.0 Na Cl
4 6.0 0.089277 2.0 1.0 Na Cl
4 6.0 0.000357 4.0 1.0 Na Cl
4 6.0 0.028569 4.0 1.0 Na Cl
4 6.0 0.089277 4.0 1.0 Na Cl
4 6.0 0.000357 1.0 -1.0 Cl Cl
4 6.0 0.028569 1.0 -1.0 Cl Cl
4 6.0 0.089277 1.0 -1.0 Cl Cl
4 6.0 0.000357 2.0 -1.0 Cl Cl
4 6.0 0.028569 2.0 -1.0 Cl Cl
4 6.0 0.089277 2.0 -1.0 Cl Cl
4 6.0 0.000357 4.0 -1.0 Cl Cl
4 6.0 0.028569 4.0 -1.0 Cl Cl
4 6.0 0.089277 4.0 -1.0 Cl Cl
4 6.0 0.000357 1.0 1.0 Cl Cl
4 6.0 0.028569 1.0 1.0 Cl Cl
4 6.0 0.089277 1.0 1.0 Cl Cl
4 6.0 0.000357 2.0 1.0 Cl Cl
4 6.0 0.028569 2.0 1.0 Cl Cl
4 6.0 0.089277 2.0 1.0 Cl Cl
4 6.0 0.000357 4.0 1.0 Cl Cl
4 6.0 0.028569 4.0 1.0 Cl Cl
4 6.0 0.089277 4.0 1.0 Cl Cl
scale1 3.575420298288489 2.5891273686288683 1.8475168464013914 1.1506251985353466 0.576969216835713 0.22832385419626638 0.03711642310647556 0.0017151010421683904 2.445839920212071 1.4609964663271242 0.8902519335947643 0.45687639925553275 0.17498655001593563 0.05074560600228601 0.0035311653655810626 3.0099086199241434e-05 0.9938376596546984 0.43599002822187816 0.09424539654024826 0.48409550595423073 0.21726920044288814 0.045858334580244 0.20007371064707702 0.08737325146135662 0.016106798254891665 1.619185617873396 0.7257995323725196 0.17692992343246408 1.0937655118907172 0.4787717419869817 0.1198525962125472 0.5579257792847205 0.2425136170470142 0.05904421331239028 0.8959476386626049 0.37723868008019945 0.06849683804296962 0.3041266781359151 0.11851174909471808 0.019369410461836472 0.10089876389723476 0.0337479332152203 0.004315861193288067 3.137373088981618 1.3037016906352181 0.24613908881515117 2.607096451288535 1.0437698066820087 0.19599554983811374 1.8808195664602096 0.745113635355269 0.12851353331699492 0.20262787468050555 0.06450570246322174 0.006568464230588038 0.08247922195113841 0.02560014610969131 0.0025092613821472826 0.02356581482717668 0.007747560338976425 0.0007659480887467889 0.5282286461510131 0.17212923108203562 0.017945562465905347 0.4029307379239773 0.1278444270183861 0.013398148726161702 0.24986288516438598 0.07554280057384193 0.0075736344818854336
scale2 1.0318139914708353 0.8574266827836087 0.7032644414504069 0.5509006810403312 0.37291718627537207 0.19006223377591597 0.03643726476738972 0.0017148154617389697 0.9390840931413869 0.6798712656913163 0.5033693307127829 0.31735106645226524 0.14928184191878255 0.0488975420734253 0.003527696813727359 3.0099069393581794e-05 0.7614545001377352 0.36258056121346127 0.0881802678706708 0.41282221314159 0.19595456152376714 0.04389127449311734 0.1898386279670275 0.08454259795273251 0.01592024195759655 1.2173908217456437 0.6015769535868468 0.16635782627619647 0.8345295639910844 0.4020786258230653 0.11344831890106143 0.4483968092956965 0.20964194395715194 0.05634444507644673 0.6778289890764551 0.313101637883635 0.06305674380035468 0.2577458809676081 0.10572108809864837 0.018409985448023792 0.09657448177334077 0.03269215256907739 0.004261446588235891 1.889213333294684 0.9208637815448174 0.21147599544834922 1.5306745480194435 0.7122782787921023 0.1658090018473109 1.0579051802394908 0.4901445115385772 0.10518971009363769 0.17869701371426502 0.05984194954779566 0.006419624436602102 0.07779734493330179 0.02470711732276848 0.002481304266938993 0.02331593070746211 0.007703204890648884 0.0007647336293608147 0.4140244311075023 0.14944052465007782 0.017291861662360096 0.30793043671329007 0.10911412063883313 0.012861797956136203 0.19683976945892212 0.06428975998274873 0.00720556162121022
NET 3 70 30 30 1
LAYER 0 linear PCA
w0 0.08549460816232114 0.09079603104445906 0.09563708811407738 0.09611716416345471 0.09144447823953795 0.08353157449956689 0.05846795062843663 0.023057984167162673 0.09157810515622536 0.10188696908771484 0.10345298225345345 0.10172903980134214 0.09173203017947433 0.0679843378653842 0.0297171083532183 0.006566716931455435 0.09716973100425273 0.0959327892166772 0.08143157426234002 0.09412804928022428 0.0898265003462407 0.07727102876893517 0.08260615203817907 0.07742942528883404 0.06737105736948112 0.08022925110701958 0.0782439355737712 0.06199470034924683 0.07493823742603997 0.07433445703197798 0.057507855175129914 0.06887048591387022 0.06773869343415022 0.05260445013949604 0.11582295237918272 0.10817045399629338 0.09701378928219806 0.11031331002743298 0.10420388980783642 0.09036209586791061 0.08372654423555614 0.08116883898157506 0.06454099499282562 0.12053532625196618 0.11774428289882201 0.10561457591064294 0.116054449504327 0.12014215574333069 0.10784178536420316 0.1095630664702705 0.11480550674492097 0.11280816958855239 0.09768014753571486 0.09281426854955731 0.07719202770324103 0.08016083034402889 0.07743165898873056 0.064758934371301 0.04881258347539213 0.0422505728298249 0.031282308166320764 0.09395505480874083 0.08659361388844924 0.07118152315519327 0.08989315092372512 0.08522747875034858 0.06966396511551094 0.0761649640833553 0.0792720907989578 0.06908010955428164
b0 2.165009935533296
w1 -0.15729595760894002 -0.20878514927098563 -0.24659219505930433 -0.2662602822772725 -0.26018295265049474 -0.23309848657200977 -0.15027752324509114 -0.053713021648673205 0.14883730185045296 0.18564294341008317 0.20371612675737424 0.21604888357379057 0.21100206617182793 0.1696295695863216 0.08397296425295812 0.021584220958873624 -0.266190471986949 -0.26814558281742856 -0.22830904748148206 -0.2691639918806501 -0.2591506306582802 -0.22173961629476835 -0.2362386950919631 -0.22113853500144065 -0.19048374449226996 -0.16456898315679777 -0.1774869654350068 -0.15276231011796876 -0.13033655890734375 -0.1500438879054227 -0.13233591642575174 -0.07748305591967915 -0.10108258990024262 -0.10193858540384527 0.05547273649660769 0.055711069464439655 0.055244254233279985 0.058893022339622986 0.06321120115303859 0.06371279914357948 0.047167385082595624 0.05344436947412037 0.053438382553872475 0.03483927628554718 0.03391818162965824 0.03469439649718729 0.028351703085489986 0.028743758551345124 0.0303147651766682 0.017326778043882184 0.016948786549674875 0.021644766072625533 0.19728306970797968 0.2010858156788278 0.1874412453915747 0.17027917653654318 0.17386910360332367 0.16029640147000698 0.11052777038688158 0.09952631311845801 0.07954296868969113 0.1709115358510747 0.17481014621020896 0.1666107658940688 0.15833096701843305 0.16850392012570609 0.16136562461778847 0.1260842498395558 0.15055192209163074 0.15672348852017923
b1 0.34028238256765997
w2 -0.50273536493054 -0.32676337924268206 -0.14270890281230375 0.08811397253631116 0.32398307148393357 0.4905812755761722 0.48398657677067314 0.22774302376362165 -0.04279212300595635 0.007643604186886383 0.05118592664123836 0.09652817465084707 0.135237206374195 0.13885910988676428 0.0875942684387385 0.027199647505917076 0.00787400616315505 0.08008399364891937 0.14050804275070572 0.26592588520589505 0.3128022423612228 0.32292708292992833 0.45027301626502936 0.4810520332915506 0.4827402747882103 -0.48092875370002924 -0.3831980531030282 -0.1996567562687314 -0.577204039757476 -0.493100050061534 -0.27704967238196954 -0.6351417835480858 -0.5818724327630961 -0.372073903499321 0.05487744149534594 0.10730035560862726 0.17281289191261345 0.18129718573499237 0.21851630308903822 0.24818178446420275 0.21438068309717118 0.23985966354454974 0.23555632937713666 -0.22812206541220179 -0.1192083993250636 0.034493451096439504 -0.27532970086844305 -0.16885090663585567 0.0058292474233517565 -0.3433831916893828 -0.2355185200156433 -0.04685119881161866 0.02743475815618747 0.048194681966272884 0.07144227844953459 0.05688151024466313 0.0701999773330112 0.0811330603492014 0.06854383274162126 0.06561969927454918 0.05714902090044244 -0.042214517421845205 -0.009373629832152359 0.030615494881409272 -0.058309014962452624 -0.023373920769702447 0.021154283050865755 -0.07579174570184669 -0.044566879210070576 0.005707447459485994
b2 1.2714306670485256
w3 0.061928180540862195 -0.03191758775138467 -0.09830532497297681 -0.14048105893716462 -0.13478413688377 -0.07797177665485781 0.03483188291252741 0.058621559814757876 -0.4231837482355012 -0.18971213587445993 0.04079045366698351 0.30211694427429403 0.5624971824965879 0.6624664077732224 0.46331749119109045 0.1475582074232032 -0.1511938606694769 -0.13107906373843226 -0.05219830738298866 -0.2051201324582859 -0.18484049008631473 -0.11501452060418461 -0.14283925032607628 -0.1325735237455757 -0.10265931647783888 0.15096015704472515 0.14539730058084577 0.13906130656271698 0.2567034380060181 0.2456585406595464 0.1999911830477032 0.41967525172818226 0.40207937532331944 0.3067579113642991 0.19030081228874768 0.2424214633359181 0.32593101295314875 0.38166376658338924 0.43168917656036176 0.47332661226211603 0.4396021980595842 0.4986940040011641 0.49926542444774513 -0.17060936630103327 -0.07043435250868524 0.10018426187185725 -0.23057588141136598 -0.133549421337648 0.05638025720551009 -0.3085530688822935 -0.21680294273396433 -0.01942839775136984 -0.11489072982090648 -0.04515427562819928 0.04742582672218079 0.1758515580765338 0.20984757914798965 0.2276583193902681 0.34241793215649763 0.31959236513520745 0.2626621645103788 -0.5967187464389275 -0.44605640729195567 -0.23879168863792044 -0.6912104147747784 -0.5386292309668644 -0.3007914831259734 -0.7380808928012739 -0.6409474781900804 -0.40236610928545413
b3 2.9626886068954974
w4 -0.1832096167889026 -0.26691638143993374 -0.27033726197792757 -0.17158066922726234 0.0545283634331941 0.35206192802567315 0.6198664950851289 0.39943556089091226 -0.19797113207267036 -0.2544499838774268 -0.2543901636232301 -0.20481516741364025 -0.07986990775599595 0.07301934626084139 0.13702269534572625 0.04787922893446187 -0.290778843556494 -0.15519632773982908 0.1230970658316001 -0.23846020218588976 -0.13395778944143183 0.07552006545093429 0.11813725402605811 0.16156531448172112 0.2284897096568914 0.13054684234376202 0.2161656848724711 0.34970065235880743 0.33779476533745906 0.39808588572802484 0.4463299284430945 0.7075197727493776 0.7239581345083965 0.6392716911135222 -0.13751356715153354 -0.21047402590851502 -0.24424971169117438 0.24037556243723018 0.17900259986631853 0.0740496505763121 0.3419657437883406 0.3937336583276399 0.3792914775274548 -0.5285652854555863 -0.5673521830890381 -0.4765305822042589 -0.5510028846959056 -0.6144086910174342 -0.5066669108087847 -0.4962107409486375 -0.5661970244806577 -0.5167344094774422 -0.11386626130934548 0.008200405595645131 0.21259579670437806 -0.23583739916111127 -0.1385523967047052 0.04672610931640954 -0.18424259455667652 -0.12757883385415614 -0.04180101960032839 0.3315317740785916 0.38917493985207696 0.47615712619638484 0.45225244055589614 0.49713591876019303 0.5430655731288654 0.6152748563010446 0.6736480002010952 0.6861153966299702
b4 4.9662013191969665
w5 -0.9919998797416074 -1.2749329341079192 -1.2642176767865685 -0.8631882107832303 0.01674632379388825 1.1674749845033463 2.3021533148844546 1.6684962772456469 0.45839113061216585 0.4752757014764848 0.357571042504796 0.10199568616357527 -0.33244666677887963 -0.7683971284180564 -0.9092449507730774 -0.4393374040529692 -1.1763465323790543 -0.7845631338954963 0.05776844125612359 -0.8878107815035537 -0.5182922331689843 0.16819950915179904 0.19808088172033841 0.44217522884715443 0.804251298106492 -0.3617543348577558 -0.17530873275376951 0.32046212522260703 0.10644313392905334 0.19260889722179547 0.49008956056656167 0.9687537200477085 0.9183173762089205 0.8691157467182692 -0.6650705599873638 -0.5849507479717997 -0.29834306518809167 -0.6331926458495017 -0.7310535643479125 -0.6802674123676066 -0.11792010275502916 -0.28104336595008395 -0.5005866314327061 0.17413105096467368 0.34030322610520686 0.660450187880945 0.4028106517057614 0.5885820010741593 0.8802790461539995 0.8288509001893349 1.0110653242650645 1.3262319230731865 0.6029248906892916 0.2737240601332922 -0.3500702633579943 0.6031865211494845 0.3632787980392291 -0.14189983395599126 0.17433705123135018 0.08663086990131547 -0.07435679590118323 0.05110185036735296 -0.19607841490983977 -0.6606480237056478 -0.1287860775037038 -0.3364062368303884 -0.7408459775389261 -0.41333239465727245 -0.5705124222960493 -0.9041105626594426
b5 0.1566741967236765
w6 -1.476648228003623 -0.626860909737294 -0.06923719317809589 0.29171183165951753 0.28561499549140884 -0.09015145621238194 -0.7391275780722729 -0.6848754398226156 -1.7383985808113336 -1.2948998847069408 -0.8771164547901843 -0.48811894956353535 -0.18905863669368095 -0.08583877953405292 -0.13972913782575094 -0.11366074432267335 0.3808098947842592 0.8435842289025128 1.2900860296779257 0.02783996422599111 0.31264475137207526 0.6909192240466235 -0.7653365397062977 -0.7064950815659972 -0.4997462142227006 -0.034914846618037 0.7037705953027674 1.3132627798329541 -0.3846256383240343 0.44461227552650867 1.1902929574673002 -1.1752462847941687 -0.2577679233599713 0.8315060367838837 -0.8903684477764556 -0.40854256165663266 0.3020412916300111 -1.0642211809157096 -0.8980705322774579 -0.4398897295107935 -0.5072070769449372 -0.6967511087831746 -0.8361663436813483 -0.728150286979527 0.13009189918293712 1.096035149766438 -0.683628216798703 0.21447694548144236 1.2341972884512975 -0.7400203125199116 0.21570421068520104 1.4113869427659442 0.31699253937910027 0.9148245958526858 1.7608790836027766 0.5071490988374556 0.9253966650292517 1.5277181150339454 0.3768767028488979 0.5060846990530905 0.6740733139448332 -0.42524447329586484 0.3421991633959291 1.3701676351268088 -0.627584495974138 0.17648879047767418 1.257934570154927 -0.9011818812212095 -0.14409950795001103 1.0607174618293644
b6 6.247616531242861
w7 -2.1647388400856893 -1.0139091204759698 -0.20809880794114413 0.3782637129696056 0.4811729820160544 0.03476593121708478 -0.8853047378863621 -0.8967376528216812 1.819154311564914 1.5086476171462155 1.112207607960175 0.6222582455936891 0.025186308613954923 -0.4562904907540002 -0.5453608821474594 -0.21495725895508394 0.05118091084489998 0.8081597839868627 1.7279475802137338 -0.44282895604170475 0.010837351555895675 0.7306645074196617 -1.291136122605252 -1.2439565805243453 -0.9623598874666595 -0.28636672373643973 0.9035277545865679 2.0477592558691464 -0.6835009930175673 0.6283399770686524 1.9423795490820759 -1.7263789064148836 -0.30338845761372524 1.4849346730579314 0.7614950246763328 0.5474008073863679 -0.034409939791603276 0.7783134108811947 0.6176493894392667 0.11697157282213162 0.3243062721537147 0.2651588054334649 0.07749465330145691 -0.0006757113279080154 -0.0557209564905393 -0.4607150429299271 -0.20698906261081382 -0.2209879751332771 -0.5615313256409463 -0.5916785384467667 -0.5308561945535208 -0.7779168729107068 0.26870246353833827 -0.29733412215124805 -1.1965482526928497 0.06842035244124539 -0.329457389153022 -0.9910670227690316 -0.10872109527152751 -0.26170937216998563 -0.47084186789678406 0.510295092338704 -0.1618756844734332 -1.1210301305631007 0.5474653010894418 -0.1332336819536279 -1.1011249294377745 0.5318731236640324 -0.0930151303243548 -1.0972120054334527
b7 -3.3583316363204903
w8 0.8295545410603081 0.5463805384834194 0.3750897302762975 0.24693027743661933 0.16672598968390281 0.07480181525416621 -0.18948137349141705 -0.2912782940921315 0.8654086515743044 0.8397722871320139 0.5914556745240663 0.10198783797229807 -0.6876090194010356 -1.4157963689215527 -1.5258846832837019 -0.7001620553915524 0.36938069002273133 0.21599425619329102 -0.06204117733125648 0.4765260062873128 0.36989465115971365 0.12330878769017915 0.5492152072220656 0.5176257875445529 0.3771197688961482 0.30800499816124405 0.06623624643034329 -0.2005749677043607 0.3480001215027601 0.08459396423649189 -0.1981891698925844 0.5266047341170245 0.23255417094520936 -0.11836965267592045 0.3164295474458389 -0.21067446448037944 -1.21679323802138 0.21388056121488053 -0.1508164466867227 -0.9415985622028248 -0.2519769259178394 -0.4463556057437666 -0.7504113251986944 -0.05471710838336369 -0.7224771725760663 -1.7844661197478489 -0.17164365713409713 -0.8638267352746548 -1.9177459717806171 -0.39992404892165223 -1.0624525450484725 -2.1911288434164136 2.1865825038200253 2.0433885065193707 1.6177002795230713 2.0271215176564965 2.057338468994243 1.835655458791321 0.6438563299987402 0.7286400162928846 0.7901581596663521 0.3817189772654785 0.27852755576631105 0.10189451260029227 -0.2435293832489936 -0.273348167494242 -0.3163059100160117 -1.3549604468254683 -1.3487391361393795 -1.158705021863541
b8 0.21104774330548928
w9 1.2674765311953626 0.848101485662109 0.5031246842593621 0.21775690681617874 0.22463034485801892 0.7344625063250978 1.8868630107638193 1.8578046750146395 0.05003604456841319 -0.6132309580060875 -1.0308372570296807 -1.2392475958789226 -0.9334225990241432 0.07757710383394167 1.4513451184867123 1.0922661751633307 0.4493546751181381 0.7690660289430079 1.295683509508571 -0.895670389372651 -0.2660228703782326 0.8906395397930076 -3.0712357622652298 -2.4151497801129294 -0.9553703416430042 0.6927417607227969 0.4096709464823424 0.1130452920005559 0.15747996847767687 -0.21022800496720087 -0.4967587525891528 -1.354349255117082 -1.7739462947364535 -1.816957487330534 -1.1188937732667412 -1.4347559315243896 -1.6214483518093796 -0.034275177820635445 -0.48985232988059924 -1.0149203456417883 2.515198510121398 2.529066576954108 1.9815704728670063 0.05439251135344014 -0.3817814985098183 -0.7863936086838488 0.5568416931592635 0.06439611837819499 -0.49903675782000745 1.585208136027214 1.0265820305560198 0.18450425445936344 0.4922437105731327 0.3773491608405569 0.3086182534027471 0.3313157832991042 0.4309649942671888 0.6200955431569128 0.11669743887168257 0.3069734751818692 0.5696058717458705 0.48804035774127774 0.05890460598004158 -0.3310058733543164 0.45423778220952166 -0.028691717710459322 -0.4794256103603547 0.3292710854228385 -0.18653394675718263 -0.7423564707702328
b9 4.613619010270507
w10 -1.0669403166134903 -0.638096179513775 -0.30699097909471507 -0.06307768213634257 -0.13431244807446918 -0.7380360762519705 -2.1257891442156494 -2.203107244236866 0.9251286049487567 -0.43090533057394353 -1.1675232673912601 -1.323117012922964 -0.3729233496980617 1.646803583885468 3.6929430023186285 2.414723312610408 0.13921569047079776 -0.03197228013874131 -0.4265389883519147 0.9392837946275048 0.5276543944416588 -0.29556430910121667 2.431852717255485 1.9149412109035413 0.7693963527261051 -0.3674594774553116 -0.07625234802279363 0.19124095885460277 -0.1984243596574714 0.17189960646627844 0.49761916955585445 0.24811725575626295 0.7021839199529256 1.0675335544500166 -1.814759157971437 -1.5513277823410618 -0.624474544862499 -1.3180937706442875 -1.1879814371428647 -0.39521253973718057 0.017566935877865324 0.1746089087983648 0.5841087833230546 -0.5620824817861539 -0.5699115587725458 -0.12096719907266468 -0.11206209306303933 -0.2312050482109669 0.03932123929744869 0.842823456383333 0.5595106874883653 0.4548119674984499 0.7149967707682702 0.03012634315524902 -0.8760362642696415 1.066155040960788 0.8701744462342742 0.4601001955389044 1.9164585542282087 1.9347895734081655 1.7950841543419767 1.2744944926393273 -0.14857658554161288 -1.7650454720570015 1.5680427896011713 -0.022973010753792315 -1.846977368462406 2.1978166849119356 0.5275691719353557 -1.7671589296511154
b10 9.19566064738695
w11 0.978803521639835 0.4978078802202299 0.20129949499057603 0.07139799194311129 0.3246688729419085 1.1382048216813958 2.7576486320975677 2.7706736550088853 0.49225343371003627 0.288357229581418 0.3369293104461006 0.6705564770395123 1.3560814773323595 2.042677871253559 2.2332105127950457 1.270714501968773 0.3674919170260988 0.7490546226338283 1.1729758732126163 -0.4345249194090249 0.27039622553935994 1.2893882016575702 -2.557593916319066 -1.603864486531358 0.12408394421467606 0.7677475737907573 0.4323792313798442 -0.02278745423295892 0.5697089203134107 0.10321888929531914 -0.4462940223495269 0.33533231959410287 -0.3210321816313394 -1.0407868635322075 0.11569403354702175 0.9762606010088568 2.1789699494363153 -2.218495824396456 -0.7709899422787009 1.7409897636007972 -4.518875437757873 -4.12496127763113 -2.107042221118109 0.25158856813252645 0.015811875912283502 0.020455591280407456 -0.11427932429478811 -0.5231355722007196 -0.609262983210935 -1.1960147552022258 -1.79772367342735 -2.0312341977598 -0.20920998796116896 -0.40775623913142356 -0.7044892755540582 0.5255572317454443 0.3854341392741453 0.06225097309176404 1.9715291834079656 1.7306936719741948 1.2668550247697374 0.25335505704771866 -0.17738271770582376 -0.6998191302850947 0.5948335041043232 0.06796304958438232 -0.5772253180354466 1.440588038112161 0.8258602026476978 -0.13542193642275338
b11 6.083267732082857
w12 -0.022483424081222895 -2.2588509961987557 -3.539513191197481 -3.9918841254523674 -3.424736460164876 -2.428638585663978 -1.6696367465559987 -1.6491601343212188 0.5563964964676941 1.4271787497605422 1.9569679811553882 2.31263561641291 2.291924999626821 1.6940909081717592 0.6680197088879286 0.18862685071091856 1.4964758928529358 2.67463573921157 3.475046750054118 0.96820120768902 2.95152984831662 4.960447253992306 -1.7433094030235985 0.8044667174919284 4.357332780809206 1.801904199047266 0.7239891458769256 -0.5698730978564286 1.74208123795677 0.10975463966165536 -1.617591629735733 2.4951968781678064 0.0405074027460845 -2.709339133088233 -1.0802858491049974 -1.3202747836249145 -1.2981651767336242 -0.6443338154909292 -1.1806465936520592 -1.6656141208967907 0.9199883911830948 0.35304455370913135 -0.7246196056215037 -0.3748727013846237 -0.5827911839457901 -0.4014139091597423 -0.09279557684310083 -0.3483334340217268 -0.2032173670841906 0.42512349249335935 0.10868737762054101 0.14779509659535825 -0.2289331854373822 -0.12251260732020856 0.028412060183921437 -0.6331946612634968 -0.6949902966316882 -0.6819810248799268 -1.4050444465730325 -1.4328327659939686 -1.3488191999267705 -0.41770770934198614 0.03611667182258374 0.5171043693255524 -0.5887446059540373 -0.04071442925121516 0.5494643953064806 -1.0125382427911418 -0.3822079709564631 0.4534940417354879
b12 0.530355233070075
w13 0.05591203900308546 1.04052151627559 1.81422531203346 2.424629823263323 2.656048520340819 2.3752422269271434 1.0900296585025586 0.03985386295179995 1.9609779070687767 2.8815620167208364 3.1981839982049163 3.250884043448355 3.1821117826865875 3.4727807840809537 4.807200400918218 3.7365983286698197 -0.3708913625531027 -0.7771421528561351 -1.1218497770770022 0.036538786314350744 -0.8268107347195363 -1.8783941347673205 1.5385340351702401 0.25834356193112695 -1.7372248598551656 -0.7658352779549691 -0.12681618911515097 0.6798700954654939 -0.7606919467362453 0.10811220352172202 1.1422083091668092 -1.0612407240614792 0.1138492648141301 1.6310361748626858 -1.6405833953493185 -2.0352911502016404 -2.6454848188206457 -1.667945035266751 -2.377463273661746 -3.077347378414915 -0.31792939787479907 -0.9392187957211249 -1.5539891588495958 -0.37652274820442516 -0.4767733808604764 -1.2208894266819714 -0.019078369330355525 -0.07460335592023555 -0.8927565282811345 0.5062349327336112 0.5858587323550726 -0.270251932857515 -0.0038118849287482283 0.5517205309010448 1.8285472482454013 -1.4515361083002705 -1.0388952820919986 0.25090809119849333 -3.6903903770028608 -3.1936631301208602 -2.0301130915768275 -0.7191048668762868 0.25234789291930426 1.7761826729016543 -1.3313768870597176 -0.19221286997857584 1.5236981526777382 -2.981883030938059 -1.6956698090764324 0.5992817320565121
b13 -3.85970328879155
w14 -0.9040638939747145 -1.3492074945155434 -1.6910672129309265 -1.8953270364364037 -1.8509351218149441 -1.4964751377866634 -0.2509679164801377 0.965130211777726 0.29808186632410233 -1.1188519842166702 -2.3405557819248464 -3.443807123302148 -3.605961548589573 -1.472660326256286 3.518661042656252 3.9952566826309517 -0.6177134986085651 -0.18999431377076947 0.7676133155322264 -0.5387224433659029 -0.040354300940391934 0.84178930631547 0.16255121825768462 0.7685323779878637 1.6767715973797965 -0.4768425477286564 -0.0890509146197812 0.8666750668181318 -0.3984755284886078 0.018428379826809168 0.999900562887214 -0.5876433518107614 -0.006712891606052857 1.2167861531885176 1.1857752490918616 2.2546306034548262 2.888050355889856 -0.6751836258805264 1.7121844982799619 4.697116360729069 -3.3292373256688426 -1.1448450979547689 3.3222194723381997 2.4528824433355116 1.4384394778259735 -0.48684706110300835 2.3886459632150028 1.1227245225697968 -1.1977255287135455 2.07721380534986 0.4243143266338231 -2.4513512620970235 1.5633074245345753 2.0862748172531167 3.079123073360262 -1.454785184127511 -0.34388512480509614 1.830083667808152 -5.479898328125223 -4.058187057265921 -1.588173965663299 1.2712485974768175 0.9550599647231894 0.8655370137765838 0.43448509260560064 0.08597878683877248 -0.02014282966252106 -2.2663930139118436 -2.592948901392148 -2.3434996540936646
b14 5.5184108792093856
w15 -0.2806790494812085 1.114396894896839 0.328850473802671 -2.3037588641845455 -5.72461442469158 -6.788482700801408 0.5321773478136802 9.082474230593009 0.6833428680562894 1.0921391239616014 1.0165451109158368 0.5185631538707725 -0.3732787773120042 -0.8486600719332735 0.3229120128891201 1.2261733361484113 2.357041240942868 0.8829162152338751 -0.8385027820943651 1.6626180080600634 0.09924690763521567 -1.7299380442934456 3.0763581909166056 2.6277837415680625 1.7095850577204401 0.05974805917658329 1.2520214445228022 2.049713058850488 -1.2410312588783627 1.125418872837178 2.9881097104061434 -5.922521898218912 -1.3414848295554114 3.5887096556322686 0.8117421557669574 0.10713114790897059 -1.9005655847923926 -0.48570363576028 -0.7934274842906549 -1.7629965023747447 0.3983342696578395 0.4814877127451133 0.5178253508707048 1.6782100118860324 0.9366440606650505 -1.8614219000252097 1.630056668433977 1.0460751914038797 -1.8470608268712987 0.9331947928099037 0.740793691765052 -1.9368595029272397 -1.7164125313582954 -1.7167773062256826 -0.8336529816819878 0.37033688491185424 -0.3415509894352879 -0.7876895920664967 3.6584846976391483 2.6522947220747426 1.3259293031223933 -2.3452877207001825 -1.0034777760931044 1.3158294343011174 -2.0637043908248236 -0.5101418994340904 2.0331824637125706 -0.9085648673246072 0.8179988972560499 3.6673892215868347
b15 18.187443487859095
w16 -0.08032457246022402 -2.008454044776225 -1.9278758210793152 -0.032487347705722834 3.097355608202509 4.832861093226711 -0.03373559284488523 -7.1468160849192826 0.9489011406565336 1.5535053968122956 0.7736454005523032 -1.2522486454540926 -4.020204376120295 -4.392893410408155 1.932160701092635 5.753647057099774 -2.853498703265677 -1.1513465859420775 2.011123313917338 -2.1211389745961626 -0.4605192726392438 2.248740983969075 -0.903627310205618 -0.33547352223705934 0.6921351718268871 -1.2090652130959008 -1.2441740754737538 0.3848091928639939 -0.20939791469339677 -1.0476841688714678 -0.12891565107875505 2.4303120572559016 0.22118615043731266 -0.6069167734282047 1.2824521193177925 0.825874934197362 -1.140519841190745 0.12060256827081027 0.5613975161924791 0.1135555541504895 -0.9124880089664661 -0.008980758720025114 1.5279676547167849 3.0069420922029066 1.2313945135917665 -2.2978248070078124 3.163674924189707 1.3122895894400743 -2.484345001259835 3.276444093175045 1.3205471557767432 -2.7311600917563643 -1.294697315352156 -2.331163377204194 -2.299905919189934 1.4837875149306639 -0.6944334064917931 -3.020475512766591 6.180358335297644 4.1231632691889155 1.2316263323297831 -3.7331317682402325 -1.3759496953460981 2.689579180897505 -3.8931340999172233 -0.7632259722003091 4.181191834310529 -3.514490841160207 0.6202990644973391 7.228913915149568
b16 5.488031435075456
w17 -8.853493725089374 -2.413829477576028 0.9891525722280113 2.1321292760208954 0.5118758995499894 -1.9319860111790625 -0.3748667096289972 5.450104702614605 0.23329115034263162 1.5535901927479288 1.1508697306121043 -0.9417027699031494 -4.556700672711384 -5.819378218387633 3.043855350979673 10.811454712633022 4.377478086605622 2.7317112621697026 -4.556286445885914 3.9179272114829087 2.601395223444759 -2.650093611512072 -2.269280681403999 -2.206416391747708 -3.0261148062444696 3.0290680327302555 2.077565926948093 -5.106048053589021 2.3626683830482995 1.912823984324968 -4.971184124731912 3.532761488593402 3.7528836398430347 -3.1992002684168677 3.5717506533077357 1.6839504561591363 -1.1233020067243067 3.4161515726012954 1.0059741444535564 -2.834017112896183 0.5462416051652081 0.01457148620944265 -1.150274701428463 -1.8882170073604467 0.49126834750950654 2.0605619238856385 -3.3369483349899114 0.044219042460070926 2.7406047441001617 -6.243320882690903 -1.1810572046076024 3.8640717437111536 3.1672233773185905 1.5634228895765496 -2.5593945298629603 2.4605467952486593 0.6324865790706126 -3.4388459550827957 0.31935480562542884 -0.5744951763040317 -2.156287684999647 0.6692182284672321 1.1649902696073153 -0.358078322696375 -0.3165541420681182 0.8813286765598756 0.13261658366758225 -2.3340960894685714 -0.08101185249926734 0.810304280137598
b17 6.343312639751728
w18 13.246206965137919 6.03101381085157 1.2703576467607003 -2.1406848573445436 -3.2222652403380656 -2.2099056170561244 -0.2786354395114843 -0.9207564738876156 -7.146282715405286 -2.336290075801821 0.3513684414540007 1.2191556605329208 -0.4131995284819857 -2.5440946432211944 2.0848890758495844 9.348116812335965 -4.776722917220947 -3.376024049776899 4.27869769781881 -2.8230517450376937 -1.4207323902407583 4.452351353667014 -0.8969173355574215 0.675950768866194 4.923792192741282 -4.805909761897737 -4.039963142445794 3.767495596230738 -4.048786152145181 -3.6924793371707643 3.921389479154666 -1.5507282511232399 -1.9918113077243564 4.649282746728062 4.281871549037838 0.8924935937670078 -1.477464889055181 5.432647028378843 1.2492530811214086 -4.009522310459566 0.9089072050259853 -1.3977779575907936 -5.592737529701163 -1.4677040117393214 -1.0279718541920193 2.3462450780168416 -2.7928472861611153 -1.535903722615935 3.1091399459012465 -4.699342564361512 -2.200511805064712 4.485844307889682 5.369696563472411 3.4332397913133454 -5.001891879456301 3.927396814424381 1.822820466282508 -5.746814330116614 -0.3555342107167491 -1.2431514820698744 -3.9682217819094157 2.412801661980011 2.9255509438004794 -2.24133903413305 1.1202242408247118 2.536617103754552 -1.6254533128261286 -1.5640612977623554 1.2920919427656978 -0.7258396371000327
b18 6.987010301961392
w19 0.70350906327235 3.047564598109837 3.931291570544759 3.195615864487926 0.5357883918712724 -2.500202053211133 -2.453616969644806 1.9593857329898812 8.351400223656995 3.454328508679682 0.2029124768115292 -2.0610404421339155 -2.9997749656191037 -2.348796527861965 0.06332305691470562 1.7178084088392704 -1.794697813392991 -1.7669965331898025 -2.245948885887088 2.803476758208653 4.307201354599335 4.8797435702872605 -10.358460085972318 -3.2412783310627686 7.764249314150356 -6.32739490833513 -5.579360644759548 -3.4463798078111902 -6.2058847334166805 -4.655110498112244 -1.4200802270969464 4.0748191049901274 6.778005499916611 8.955410103994327 2.226154354020861 0.9175316334909813 1.029595392602776 -0.24581454040505388 -2.0047506033448017 -3.362700141259313 3.8279398798083477 2.1283282759215294 -2.405029270716427 1.0598251279536999 0.5165587435343401 2.4295310444295772 0.280873633563517 -0.033055668196098585 2.333753283755492 -2.5939409768593134 -2.5059903109005908 0.9149132979388699 -6.969742608574118 -3.4613143016096126 5.9222655791502365 -5.372488225602628 -1.3970759866147482 8.2408088302896 -1.5159542572642293 1.1103290719582997 6.230614610104453 -2.350133549024571 -2.799965888776579 0.9589243065055258 -0.4725282643140393 -2.2528183747992117 -0.0769083971727318 3.6116830144015633 -0.24933788770793813 -1.3910745446453967
b19 6.105755534342033
w20 5.466939782506718 -0.16406210990364495 -3.0361381794746314 -3.7761141783897894 -1.9879749451573405 0.7284495546715669 1.3794821667045685 -1.6322191032290754 8.947244030416364 4.528813996533022 1.128970726102132 -1.9896081860394819 -4.709342462725029 -5.446128118282239 -0.02952058865888378 6.85735524235883 -2.4683357446446137 -0.8675118546235425 4.673199196373176 -5.705532475456619 -5.774665773488784 -1.8044851306572296 10.05787645505882 3.4830221452721046 -4.750380012583418 4.097930286670535 3.539672323828732 4.0301938900246395 5.4077623260038985 3.2639291036586844 1.579302255106547 -1.0540309509305967 -5.868578023466553 -9.002992345302408 1.6052634309269833 2.0317198658505675 8.122265585797042 -2.6405666461226662 -4.909316181202628 -1.9245987543807288 9.125312919427206 2.8589685032043453 -7.349528206945265 0.22854182918518903 0.2925380195212583 6.661143684034624 -0.8734221104432996 -1.2435664903550125 5.193183280936532 -6.3787359794133 -7.598636877553356 -0.8126931679619008 -4.609633963055533 -2.333983454211508 4.4922350639712585 -3.912253506147043 -1.3853529954511685 5.62499345278337 -1.195021919846 0.2753749549115103 3.8607358296212095 -1.2467652118799186 -1.8287366996268755 0.8696724240989879 0.010306322721154972 -1.5382548998805052 0.01221551713761576 2.493153661160102 -0.6106538693673633 -1.419848426500492
b20 7.919193298186892
w21 -4.256890224458295 -4.375439841314457 -4.180055344609153 -3.0499118129711418 -0.48358678319286763 2.8049815758991588 3.7237481420330503 -1.7534320588094081 -9.25067772851227 -4.7597793148914835 -0.9422436269957986 2.1894894174058397 3.1418128538336463 0.9700334647488805 0.4242893627426522 5.445328127043844 0.5153450733444918 0.5910635329794145 1.5849569861548098 0.6431746203007078 -0.18773796235356607 -0.3810545339586761 2.7286701178939916 0.11863446750055813 -3.856726000380455 0.43884743563223594 0.5976568088254336 1.120929578613879 0.48812385184321794 0.26969925229627645 0.2643362867598154 -0.15124270251394126 -1.373614589368867 -2.5013317855144677 9.95295678099308 2.948479512423177 -10.356256640287297 13.246188031196583 7.125114062998869 -7.884003548389325 -3.2401354936249884 -4.754235765261133 -9.933625199662545 4.232172422425262 1.58730132221843 -5.209897860542903 3.046515894357057 1.8136020477572037 -3.581716906360237 4.094264812199912 4.770065866593793 1.4499202388071768 -7.947402070322157 -1.703792511768774 4.703941813011185 -6.093399620985648 0.38912687437260807 9.55096033801606 -3.34105345157735 1.1441559108383563 8.084856887134773 -1.9978186453551203 -0.36459026508648534 -2.516323378954535 0.3863891396826553 0.5231945053186109 -3.8883068376813825 5.922419143878051 3.7242638712833855 -5.1695491598690415
b21 1.3207251242690385
w22 3.833966459836222 3.3156604520013495 2.6010048630066547 1.231285236505129 -0.8584864535115578 -2.829332165803498 -2.251054599136565 1.566872476473938 10.342653838888937 6.4626978753729105 2.935616599848821 -0.44329972865790906 -2.9775832003656855 -3.169037563778375 -0.7501060999656567 0.23832374607654386 -2.810305314712861 -0.711440183762742 3.384640133934393 -4.665417558357543 -2.9197261978017197 1.5797215987782123 1.9424958069980582 1.3142666706203625 2.1989463950380035 1.2481275429589849 1.6701885735579958 1.574343224629533 2.0770871601656444 1.7174941016120489 0.288958334844417 -1.1169206384513612 -2.5179120740649155 -4.755267255661725 -2.082520014739217 -5.5734570481895815 -7.7713954423102285 8.375266003695359 8.20746792935029 4.957990700789697 -15.809386045233309 -5.7971574228902805 11.620043833720903 -8.012260723915078 -7.065689661374553 -0.2512882962915242 -7.556529278962085 -5.4666509512415935 3.1854361315894524 -0.04284606472891577 4.142684568838862 14.595306330130397 -2.59584503526236 -2.319235800986599 2.6929866467667556 -1.6009100351807863 -0.8609061300165057 3.6674930314070986 -0.052459700617549294 1.2097213671377036 3.843249079717889 -1.763703515235831 -2.32686743748502 1.3875959676315397 -1.2694202725063088 -2.1098204913099035 1.228935549462954 0.07582282577212308 -1.1634814964140077 1.280830803229871
b22 2.772492897580727
w23 -12.980769064642049 5.397162071245604 12.543433389998688 11.354324873454301 2.994201713021414 -4.912387662378904 -5.154691304560789 -0.03801501225372213 -5.096698244858958 -2.148871306825409 -0.05779979956092827 1.4360242093085147 1.9170718187731834 1.2396016543740869 0.22068672035350698 0.30095405960094507 -11.177330944381895 -3.1816033105799355 -0.3599209748917088 -18.976130252814727 -8.905117292397481 2.560354367205645 -3.333173192567279 6.467489380100978 22.883231157174382 2.630231056566219 7.773974635723794 -3.5056739288974246 4.648463246862085 10.16028427230315 -3.870318700081732 -7.1125352386055205 2.0847531092105 -9.07064543807597 1.302690823561865 2.3909098468711774 -0.938977454393016 -1.1050650049615878 -1.098824518708842 -2.497650393965541 2.5009265028426677 0.26072321772694945 -2.874338376559584 1.2003831742903661 4.108536820053261 -1.8580203284543326 0.7186062785918645 4.097606408614618 -2.289981490293207 -1.960930943323746 2.2614355121652103 -3.822632063372695 -0.24495429614682432 0.8549397238537052 -0.5015242738343836 -0.4927837717604037 0.3958074338473166 0.11295783805765927 -0.43003178301045647 -0.0494549891153947 0.4010312032860828 0.19960210675801493 1.2595152452262113 -1.0741669358571984 0.28602395329010527 1.3457526768826356 -1.172034101229133 0.25738123962885945 1.3434464256608467 -1.2686707740137055
b23 -1.7263049048394976
w24 -3.739725424131166 -3.068901309789026 1.6853023515785037 7.222283460165466 6.2465003397161585 -6.073883076734656 -15.704865128463933 19.442414541015875 5.786146685273703 -2.4110255112887744 -7.035503770291594 -8.014283561704733 -1.9912433419808682 8.912752411652093 8.330402183075181 -10.587758520668189 -9.396274455037004 -2.3680231345265854 12.645802609991762 -1.1904348251077856 -0.2696816113563892 8.453577792965378 8.84900143800536 -2.114716072449996 -9.657842595844313 -7.326552241790464 -3.887304605603034 4.203267108880132 -2.703175564196591 -3.8120878571609027 -0.3951189331972104 13.645891041609588 1.1455479901664878 -9.07224985141463 2.6372715749091253 -0.24518656386863782 -0.22998144533643358 7.9421999008140585 2.7207624414302582 -1.5937733956859172 3.851103266175164 -2.181336436046152 -12.326095771278096 1.3416008330587073 -1.3727452935157622 -0.6932182120593567 1.8253523390092317 -1.2631315152698757 -0.9736411992362781 5.559438896788026 0.8716550105743498 -1.0832337432888781 4.091581414492282 -0.6995371784299093 -0.795093499458777 1.9994502908722704 -1.7134088234097147 -3.7620372282175 2.1084889234011004 0.17792030466869777 -2.718604362082172 1.7448398285737496 -1.6818361738948724 2.7985256183462215 0.4767468353674375 -2.307732519049896 3.4335137772627182 -3.4769918773301556 -4.805136194680439 3.6566033907192246
b24 0.8886440206095203
w25 0.6532237296518627 -1.0017851601234253 1.6479359257727841 5.682983623583178 5.504171856669306 -3.5014928112405377 -12.809052461763027 11.72954374359982 -14.298842060063112 0.9989328536599369 10.194139441579226 13.450008593020016 5.505088459783293 -10.695554684884721 -12.158639115263574 12.585796504013032 -5.819768876168935 -1.2707100551218895 9.333237421018682 0.8227228448135266 0.6505553098987128 5.786450568199735 7.625249998979478 -1.4725631444388836 -9.242824312223343 -5.612258506135417 -3.5959626855529065 3.5754860958216974 -2.4698759845693763 -3.917229444710996 0.22721719788425032 11.496845535453241 0.8736524857398387 -5.3052835265629845 -5.959735140912813 1.8987424300595173 -0.7336148737603534 -14.804768874436768 -4.49389089421407 0.34917483990084247 -4.332029961799594 4.70482893713052 18.47978147446362 0.44287840569578524 4.5229013866115695 -1.898312697054939 0.6928349596625775 4.345742059936086 -2.1033833780561104 -3.0931399967728344 0.49924411949377573 -3.737695668967509 -5.817307387761672 1.63751901395448 0.3060060068190656 -3.487596713615028 2.298394256576609 4.320769872187662 -1.971021048487806 0.5384002629212867 3.8863284458594585 -2.3132201981958764 3.4542800165671395 -4.239297217764616 -0.6154636257256824 4.353275098746638 -5.018632711705784 4.0152302316459805 7.253971211046111 -5.319429598567585
b25 9.536792975379795
w26 0.623973163452832 -2.421791816415284 -0.9576986647684329 2.8485286145723836 4.837695937986268 0.11969014534463117 -8.033410006867024 6.696629188626145 1.6564634485333185 -5.329977410707787 -2.678019674217318 5.7762718755736895 11.139448952161759 -4.258104635888111 -24.859474402238195 29.844615866409356 1.9411880003603545 1.040373405639769 -4.664309077034299 0.22411089647583946 1.4590722640424112 -2.861244956329102 -5.182683919933463 0.18403058672666553 4.40234820717942 2.1293211175248064 -0.06743724112314028 -1.0770980664053966 1.4458536340377293 -0.32798559575190595 0.9390411783325223 -2.5110676613088265 -2.673476321728418 3.8986439129133053 -19.098721557766286 -9.13829627770917 12.113514876025427 9.600750214017904 8.351649947679642 21.122439921931484 11.784478408152658 -5.190712902424226 -20.749953091973193 -11.591693592902493 -7.9209099340213385 -1.7190337089934584 -4.232748987396225 -4.983892010906725 -4.453976256177815 21.7610837972919 10.356315258975302 -5.2879183328466075 -1.1707289626257573 -3.4642306495065136 7.37248177237928 0.2208531935971795 -3.364710692864447 -0.7477124222168408 8.454218032938025 0.43861429926771095 -9.348111232710492 2.695212254763127 -5.1604796577197245 5.6284769697144394 4.359008146096227 -5.9296704203242525 3.7430986807760283 7.082821507764606 -8.280434842617051 -3.234837214390294
b26 13.035823095232516
w27 7.582601814293931 -6.865782250019915 -7.571665005975114 0.35691185646507567 9.056389058057428 5.212934568239871 -12.199952433242368 8.076814772961692 -10.190517956390696 9.152256963366966 11.71615310880279 3.235141258400843 -9.577322751101532 -7.147928148518683 10.642829993880959 -10.922609171262188 2.8648555871443384 2.368181039667 -6.988382896649964 -1.598728565372257 1.8109587700304466 -5.948502054711431 -6.32962651705033 2.324329418512145 6.4730448135285865 5.6107921285228235 -0.23356923554856546 -0.5494505568173021 4.780033168942962 -1.6024245172262614 2.324800769016599 -1.3392517098951577 -7.529774316268893 5.551876460590498 -4.531131656272405 -4.724414224425233 5.0018415396265885 5.344370441572051 -0.2499728285129683 6.351166620761568 5.305108477251394 -2.142255107069061 -7.076156075026409 -4.600412708789024 -2.8087696850407964 1.1438840637230345 -2.77154877630137 -1.5916529748666601 0.2619222427098475 3.70302560028874 2.7189820850847917 -0.6197812615768205 -1.8399403097475253 9.71492003914552 -2.0653360356389556 -33.107839665005166 -18.734655819017508 -10.821651086443287 8.24245430483752 17.78614139010213 26.837421056915886 10.309909479450276 23.007864227378416 0.5743248826701579 6.56526274221825 21.940956798579496 -0.28471765176513275 -28.885213958511923 -4.552949432428195 -13.979207016638805
b27 11.422063797536
w28 1.9460181862071129 -1.2623541262449163 -1.4787484315720973 0.5519173178055068 2.85192256562746 0.887489519546079 -5.9602404879633895 4.352956506665842 -3.458076245022028 8.002353566631816 8.014243819454792 0.8066926661479277 -8.085268344943394 -5.299737486282546 7.252745070893281 -4.7542623319113515 1.612606938744199 0.6721597516959757 -2.523962172801471 0.36382905541331445 0.7673274591353043 -1.5215759450177775 -2.3737092502656902 -0.33118063809967496 1.3823669268607048 1.6404085804181232 0.05704381576662436 -0.7742903910352982 1.1015646356712256 -0.14682327160369701 0.2377336828806877 -1.8062366421167777 -1.5151288130212812 1.960046920516945 -9.827430834806828 -7.045906407326603 9.821475196235356 4.381464716623225 0.8075805881380713 17.649432595705306 11.065887963737453 -4.029259189821062 -13.61438767458361 -6.988675335151724 -3.3197140441508446 -1.173748515925012 -3.5360074686998577 -1.074778378231943 -3.2724645688939233 8.099831533688056 8.007966938825687 -3.6403413209149833 5.087286466175891 0.5359610862936917 -24.718355419356186 13.719966779515467 19.25865992703483 11.321148373647121 -39.119566562360816 -8.712973607086337 29.656031589127856 -10.309676216155603 -3.7215763488692466 -17.4307977842912 -13.347702115976567 -1.0301261416150447 -8.912997396833813 -3.6254441449770103 21.438371440309613 26.89025002173584
b28 -0.02645589508688193
w29 17.11616710249986 -21.73167349023871 -22.63564677171932 1.4498317584751468 28.778525397585035 19.12536737520733 -36.760344464929574 21.56354189746046 1.811613220665653 -5.502207726597066 -5.635868962493078 -1.452784163144226 3.9134537190425993 3.798167081421638 -0.5314575425637583 0.203699021316322 4.151005875662282 5.683490590639051 -15.915464022451317 -8.99351175074619 2.6346544109554193 -17.846198450621674 -16.253119139411414 11.047730804430977 19.60792505310728 14.990158387701765 -0.42583167525242277 2.33472689528052 13.630862463781897 -4.478281272458012 8.889841532670834 -1.7182808713578415 -24.09753463604505 9.941835580440781 9.68116098252832 6.246093497863575 -5.680859854691976 -1.7998825773938423 0.7353260549300387 -18.02754612618648 -9.98338097263185 4.644214492431426 9.53124174571269 9.778870081025554 -2.1142427367696555 4.956021998098062 7.479243627602396 -5.369884649708077 6.47980107302897 -1.2822933752702494 -15.988346818208164 4.03192526085559 -0.12369721129212115 -2.8022261867703113 0.24429825341938116 10.53931225218996 7.087832008321849 3.9985894729923386 -2.918371575978484 -5.8589676714646215 -8.74374629046541 -3.163979295633649 -7.866048576381445 -0.6803910931397946 -1.5195961139763534 -7.6314215448773455 -0.265267312307994 11.095315161828584 1.2253032511966506 5.020653659539356
b29 3.353261220488106
w30 -4.410150360106659 1.1918596533283907 2.4369550270987936 0.40476555436648587 -2.906160084969878 -1.8913910178684732 5.877657373080279 -3.4431982833762227 17.73874616180631 -16.88448977803444 -21.952692492305818 -4.212443428600955 26.513551573748767 21.678939655434316 -41.04491971466672 24.965011980728836 -1.4919061452243254 0.048389417369893585 1.981172217439718 0.33681231678356144 -0.09731743849878094 0.9583359057000245 1.98069794917132 0.2188534635806342 -2.2606869038698854 -2.3422066561975847 1.3614974966995395 0.3295569519402421 -1.8888709277781903 1.9459643165124354 -0.6858923528607778 0.07815569543183488 3.243917660340678 -2.82552607534029 4.731147310602993 7.305091464356886 -3.0512628354288367 -4.950355530140961 1.782709883371849 -21.3896717086554 -12.951023394635847 8.532439123544764 12.19755707804761 7.849749722106452 -0.4732096802618383 5.800147874570701 6.759770916346572 -3.5583392121305026 6.1830852854020915 1.3404170898094667 -14.144826825998592 -1.121771629655955 19.86159753931769 2.992638083030474 -24.45597438297426 -16.4985814445115 -5.124873590002933 -14.01418652910875 -28.5385667374345 13.975320630637139 50.788560035867725 25.12045390005117 -5.06508169683859 -0.41833714605860584 18.081121486849018 -9.73874517965046 8.940498231412478 -16.976321074933747 -30.540345840291256 26.39072351894856
b30 22.754617296717797
w31 35.184727998787366 -1.1563110765615843 -25.358467140445512 -26.023598789716676 8.945111477283225 35.91339428897624 -32.526133850300276 17.364559777647308 -0.9509361533306357 -1.2602750031246766 -0.9173007053598745 0.1369498981700969 1.291328293983116 0.5224430897049485 -1.6589717100002723 0.7124379205504034 -17.951466207242373 23.201996277345998 -6.620679597932404 -24.488588094853778 13.395918918060472 38.08165941362302 27.51226040671472 -13.208758429972828 -27.33401617294128 -20.378180103943823 39.84778020089088 -45.56137095405525 -25.461551927838777 45.22474869065856 -46.93083880612738 -64.72301591187943 67.6985366679481 15.549285207597933 1.2645507275261223 -5.8632421232228875 4.452358415236191 7.145868040734906 -2.1202618028527045 -5.7513527900929375 -4.02278588133728 -1.1967417474417452 5.113316652545246 4.679425689602059 -7.3860094551567785 6.089490450478572 6.418805571592391 -7.286301470493016 5.434852750329374 8.710806642480815 -9.287250920070317 -2.0873707944685247 -2.9032777146030395 2.083163398601382 0.9085883360642566 -0.016644843027110806 1.9506535053128473 -0.6687889911362115 1.133010624023845 0.4846793107975305 -3.109763881060664 -3.255990836524369 2.593147473812729 -0.1950982276339322 -2.6971923583120114 2.8507381370370886 -0.8448178444633064 -0.013340545689869634 3.7124030671030344 -2.826903140411215
b31 -9.789141820957223
w32 -17.987099130100226 1.5934188256261108 7.966979456983884 6.079982234891941 -0.9984451196516129 -4.842780838608788 2.697834108663645 -1.6941131008198729 45.953417121510704 0.2901151332950997 -30.89219660995945 -35.745435446184246 9.53333660623153 50.933267699581776 -47.82544137797357 27.24841816497442 8.320581563598887 -12.011738923722156 3.9458599135283827 4.851159523262429 -10.841449016400446 7.6151121984124135 5.5902493915891585 -8.063379916589694 2.8090244353648273 8.901016974379589 -7.859978381940796 -0.13187372272471468 7.792340481076406 -6.211696016748913 -0.31422440243755756 -0.07789184728344313 -3.6175466624540347 4.19006384430523 7.301917465512159 -15.633925780556414 5.685937733489694 5.059515629457771 -2.7967016303325196 -3.0991637261847687 -8.312626190638616 5.070369526420948 2.0570292857439045 18.788052989451142 -24.473134403510876 9.331353532284155 20.80733506331969 -25.182693615887878 9.394936232287954 21.573455733559488 -25.128691927990143 5.005807295081856 -31.900827843324752 39.82375631377575 -7.853102380878764 -12.093982574325024 29.66310037975502 -2.3663227442605157 7.723592012514542 4.508475918113132 -28.696227474850442 -46.93412091303946 51.8364281592877 -17.68527385729027 -47.64767630797698 55.87014283325667 -20.313560255503827 -40.76569826542448 64.72630247240178 -20.269292055757198
b32 2.484931328994581
w33 -31.71837021583047 8.448213874043851 10.819545021783517 0.08374329694864441 -1.3937072992866049 8.688103754230788 -11.836516984830263 4.2537689946251795 -11.615511326643377 0.14649557603450966 7.551878451382888 8.886046007339337 -0.7365208609010809 -10.238414725966582 9.484575535347695 -5.161260441818513 38.81074203294868 -51.377637838801874 10.108155841430937 -8.608841892641989 -52.95993467495538 80.02147190711028 58.50036703971084 -59.42632741738915 2.545815381967898 69.21280090229205 -41.24427967573883 -37.71481220361693 61.295004318056655 -41.18800421797709 -32.20188463746723 -21.50755780916008 -28.672105718350835 77.79266578828256 -5.431818587983757 -3.4268058791085223 13.386843340308763 15.638336835489364 -0.8188752487813264 -21.46647367576686 -12.783271921331826 4.548449088056236 6.467604671925008 -6.3174655901322785 0.4306913441854632 12.08233327444244 -2.758574135891831 1.941620644913741 7.935607977223395 6.579447467442926 -1.8166468869123353 -17.8889934526617 7.190011810696383 -9.18888408438673 1.4844022754115387 4.652143488146097 -7.172433225682059 2.2966472236852793 -0.41931854883011194 -3.187833733406041 5.103104304331233 8.255653518148046 -9.33305448115148 2.1383162805833678 8.102911327599761 -9.366945026782377 2.57699933259967 6.984893168300059 -9.204699637651226 3.566546270040839
b33 12.423458778380619
w34 -22.736759343428677 -1.5382509505030728 15.694569976047726 19.549824802195264 -3.4537537795879607 -27.704420965214823 23.124565118495592 -10.136769894335863 -49.17288809272279 5.318150623816134 29.50623191104199 27.31024180861367 -6.535130088970785 -31.477935008408288 21.94351642235688 -11.652147684647083 -3.431054161297549 -0.18199915544034778 1.2065001983190349 16.601515391818594 2.702794911273182 -18.814281440996904 -12.507188188648781 4.7066075288466305 6.506002494666658 -18.522327857562946 7.855075366827142 13.700166866813571 -15.676911326785948 13.233846106904279 11.872874722520677 4.761638284903963 11.347019413528498 -28.013195537298074 -1.1883160763346474 -55.189475279252584 71.8699477721353 73.29902764772262 -30.99357146406179 -62.77610630126254 -46.58504587606289 14.971137145477938 31.74941566056433 14.955243988185037 -55.30362247932183 60.72003418947132 31.32713217650128 -51.83909579191863 43.14143084560205 85.2913666715974 -54.12370062891758 -53.20579262010242 8.089018892498466 -14.279229351604997 5.030872880544993 11.787583092159641 -10.260783578850107 7.653245303742088 2.944985816632792 -8.693376490809525 0.583500198774168 3.879999533395348 -9.153227614501189 0.5098654625448327 3.5007054151585235 -7.02824339992755 -0.34907726150384394 7.279551279251727 0.8602088606847456 0.3903442456534022
b34 0.35408939917029325
w35 -29.700887515756918 15.05560978613752 5.5508253040175735 -13.614388481544827 -0.3000819824664199 30.700615448359386 -28.631938305226733 9.323602959592298 -35.3092593979454 -2.864886436095499 16.641726610244582 21.65519007011836 3.1008843599066105 -19.47756166250772 3.2722730111091884 -1.045083365788599 38.48363915603662 -55.339690364519186 14.33231488658864 50.93712633724368 -51.63829738941878 -2.5983650062296 1.3442833768838487 -29.262408056208002 33.10858885606526 1.3116559991289638 -7.682486468250102 15.597516755939457 -8.003029856557788 13.243005023029493 10.726435411159164 -19.107932487659003 36.45647548137966 -36.24781077055442 62.05678872951604 -35.382483895829836 -42.14960874105571 -40.88603944222734 -43.1948209233409 90.58858888856405 60.63711177943489 -48.19963239470392 2.8046871802784286 77.39793049023841 -59.58576314891254 -27.10585981822927 61.16199145503091 -67.89293233764826 -8.483779463152286 5.772103507236631 -61.60270613319986 89.89719242142135 1.5181699633694734 2.3244822043889726 -1.0741835905291293 -6.992322605319298 4.473707357037928 -9.384521520424299 -7.774153150528563 9.99073897912557 4.37526824537334 12.555182603726534 -11.969600098620438 6.883571484511529 14.233330778742774 -16.655153725393777 7.980203711685376 14.73807617858398 -26.308039724528896 5.497007571187347
b35 4.383871391122107
w36 3.473704849779476 32.09727967011226 -15.254922971533691 -58.10602589017217 -6.683829162308977 87.17882492572114 -60.624404213131776 22.645420173870612 12.10620682053961 9.763631963641515 -8.685348222993376 -23.308917866402293 -4.432525014678995 32.51065855374026 -21.92005809592822 9.197815136376093 45.65314078147588 -92.5888207204299 19.4276877543498 96.64791412440837 -58.495739511855426 -21.59884943701151 -23.803816801596703 -25.593020776192716 49.83272915342305 -10.80006366397121 -16.713487689182116 40.417390254167294 -9.600956531233052 29.97908819278284 35.81022165979634 -28.456546066969793 59.50663492085316 -80.75392207579458 -4.862701565825904 -10.463667884668272 26.398820687293334 41.29696594008453 -19.499650622731423 -35.231054147495676 -22.615797292868955 4.467721869016182 17.96613164504936 -38.07500646232211 39.45921350641915 10.119280776226914 -37.886307703277744 52.71988344438391 -1.0448280224845108 -34.9594493463715 58.62762628144676 -54.65602807171701 20.48504977440728 -27.21602399099497 8.198685753082442 16.002463909039406 -32.50056220350497 16.882688139474915 12.536420544438537 -17.33677897979953 6.390771944743904 3.3548158247548883 0.9589888838231047 -3.8022839035751357 -3.3341696053307075 8.88039538239263 -5.947066251011843 -19.218821275073136 22.519396668863543 -5.240132334509384
b36 4.470498689589079
w37 4.907519583047586 -14.354392172133753 -0.6007601044477545 17.11657671636584 6.641021194018593 -22.215899786312576 12.640694782482058 -4.636774856697268 -43.84690605488859 40.67607930198012 15.95204746110062 -39.62647460495629 -23.96422577378455 74.65527804796145 -60.27342059662022 28.25838036601415 -15.687317547008176 30.46469205938067 -7.7182093384127395 -29.876995425239457 19.23936374711205 6.034999207633646 7.622017570540518 5.656659543554494 -13.55085849406909 2.279572578179684 6.273442729628071 -12.819430859199903 2.8596013909404703 -8.709504227100773 -10.464104621406701 9.932808082845003 -21.133414526724113 26.075506226300085 37.92392094526956 -25.20598657200452 -9.983696703789725 0.37916829736394037 -39.426252361997456 27.09919097307076 20.13803619682473 -24.99299791086344 15.890857782034407 24.136942117042388 -9.274628643938795 -9.270974409151052 13.0606659456378 -6.762553861454567 -5.018746967784162 -21.71082988807422 -2.0342524647961806 19.23877463908773 87.29946603204024 -112.7101000976982 25.122308017773765 59.38949936089149 -127.4475908864201 74.65101677165138 46.78307538077742 -71.85025749104295 29.292006057900394 30.518349157793207 -12.086931266459622 -17.84208233103367 5.376323479048482 16.40165528248148 -22.124956123170907 -65.4890392793172 64.68083320736416 -1.873743993280112
b37 4.313622042131007
w38 -23.485647552096733 30.891017672626496 12.822195906264719 -24.92291371958483 -18.97450462520901 34.73058227501808 -17.93284600714355 7.442978878592882 16.09332330909599 -15.698050526363136 -17.50911918835784 -2.5568695794873606 15.755377623177566 11.296168379400436 -18.917550939218607 4.380904268864821 -19.182818598863825 36.4502568300299 -0.3045582081188195 -51.52814668693953 39.378873920166015 -1.0372134635569976 -15.639319182001838 51.936927917624814 -36.95847984827117 13.645508164309916 -12.983841399572066 -3.7494935745200073 11.919046154290763 -33.10413313625648 -5.66272117012642 21.475722661870797 -28.792986152601497 29.345987266361448 67.61193438485374 -90.35760823864716 25.112169503455767 112.23029781683186 -153.4910116004765 21.457256399950907 61.937446015017976 -135.2350286338929 95.2434226728322 0.3392705963660959 22.79388835805657 3.200728101657259 -10.62373294070154 46.40594215587468 -3.0853976166298045 -50.872699553213174 47.40463538935831 -40.89250258368 -26.45648337004634 33.463635742206236 -6.693192421120934 -21.768228903086413 40.94773289318856 -22.623943205657735 -16.45176629648224 26.363648573297915 -10.237226087860972 -5.055133070879726 -2.0292502162034443 7.079304087702205 3.0566499864405228 -11.859885507544352 8.493776852757813 24.073309258916 -26.928384954603686 3.6808402456011633
b38 7.101581095282047
w39 -104.03699483660905 146.33524842210983 67.43597131068888 -102.74225619865547 -87.43271753002628 132.86932027333435 -69.31481126790398 29.93578802180609 -15.40526219654537 7.752505354705854 12.484539781307586 5.926244057047321 -6.962611788772195 -8.988396111558798 7.125160564511792 -1.1849889318754578 -7.920527491308655 7.114480585408239 23.5288715362866 -67.29442827346169 61.74939668990096 -1.109632717321133 -73.75857742310967 155.70344725227395 -92.33121036515033 36.67074591502711 -52.65225848810417 10.914338083114272 27.432360674927903 -55.09838188006643 -2.7131281730522065 -1.5981905801116638 12.659110398003392 12.81971874030805 -7.813951942744517 1.0495851053168448 4.150901468989629 -42.44643119055425 52.09641519577597 1.5942277815385335 -43.11491358165472 81.23543567103387 -48.77514182128786 17.172561510920627 -33.05009714483314 4.708476319691871 17.50781219484113 -35.45745434647238 4.603713236528502 19.426258401014803 -14.694427789955101 15.555905524524897 12.855042827624954 -15.121272397016094 5.861243013806985 12.780047089884867 -20.97944689628268 1.8464942187068691 4.479312274879757 -9.968441022372302 10.442222342189355 1.5039198849999054 0.26582585054799784 2.01240656069753 -2.2090848348494334 3.9066430277231023 0.1362943941043537 -5.986820070101175 9.189806560657367 -7.354682848443753
b39 13.222208009502792
w40 -6.909438790349516 5.3471789506176295 4.083048708783745 -1.3056180918293703 -2.98979903562432 -0.15314620345670787 1.4315404648077876 -0.5153036296032942 136.36375334253012 -158.71120732570955 -102.09187536083415 97.81717665557554 140.26866260820975 -163.04890644879666 75.51278196284721 -33.3025325124494 1.0108764866314797 -14.383430828750168 4.639058541965958 4.44704362129636 4.797544997423647 1.7511425144420878 -12.54499486616962 17.44108718093577 -8.554275299279647 4.021943136723094 -11.669980621721606 4.294106316694405 7.144598414905585 -2.1516640946476544 3.3684469565123165 -7.712020431468151 10.772082158466931 -6.540918036690232 -63.32187689309753 62.51163387083441 -32.533643233129524 15.546948727880634 22.790984657839047 -21.77415133461904 82.19395687151057 -129.41333580671267 54.28915146239031 -14.41494806521247 24.299197556466147 4.683959966412898 12.867303333053211 7.319110873799465 15.928863114438432 36.41904991260107 -73.02343537880019 6.623016048170318 41.722629242718945 -52.955564491459384 39.9897039262619 144.13638253355307 -116.70148977064905 -82.9268360735986 -8.585755749238762 -90.88116794550825 146.66494054078203 -66.3259517247876 49.838514574895136 51.47474599263285 -76.97467669676439 70.87534170319213 33.24640890311951 -8.438617778994477 77.9044417761885 -118.09099930471045
b40 38.188898671006555
w41 12.123599578449008 -19.152483173061377 -9.530713250711074 14.62678783678408 15.59897286104803 -17.979710681190152 5.2472457584738645 -1.4864772418649204 -72.42337647497192 89.86786339525678 53.19287770138816 -65.51122920962796 -82.90238376327225 116.41636559074011 -57.957280344902394 21.76232917807222 4.646108189078963 9.613313053239327 -2.3802296665798055 -6.505671915950333 -7.794385836097696 -0.7759689800481679 8.953334701169373 -11.256028948994485 7.21235130386366 0.6628157607683971 7.000238741410861 -3.323826190653597 -6.490578976549661 -1.994046817941649 -3.32409930405787 5.868293818042002 -6.989536420495978 6.168211630709174 43.757869625475124 -53.62182789963453 20.529504077744214 -8.297244229058622 -19.8481868620225 23.1008677515941 -52.773852158352156 86.04582470152225 -36.890209739129624 17.926506770455518 -16.78899528010809 -4.473181731567978 1.351079206888789 -1.0805712809783028 -10.947581730279875 -35.47379964284048 47.18678247857907 -4.994135926046912 -12.022741778051191 -27.386287407760534 80.04617897074809 150.50277018328504 2.8130851781275377 -239.07127988838027 -151.16181645328228 74.7818783405809 132.78458026913884 -79.32950597917673 -13.013197277811251 151.39662825274857 -61.66071080198015 -2.166053048820817 117.46837911620796 120.74718818205436 9.782635236269924 -202.1261028816007
b41 38.4986056644092
w42 -80.5693191158163 129.26272823644496 56.8844589030926 -114.88650869812764 -108.31314653026597 162.84200805007734 -64.4874073642298 16.234912757287905 46.004085577665215 -58.839653993633135 -34.161110267227606 41.50575732206445 53.766448138112914 -65.37750603963079 23.945496862815887 -7.903419662854828 -118.93658807024505 182.28939678774063 -114.92211947846906 16.84744186812017 53.971762402086284 -60.64483867718541 177.0731538154105 -323.52225759514266 158.7331773637904 -109.03563190105189 123.58825802694798 -9.455729855187577 -42.20243426278162 46.829818347115776 51.9976797495282 159.28644141917223 -210.047626177868 28.38259587734808 69.18017916562385 -64.4507379098446 29.3278411143605 -14.873572329645977 -34.92753823360158 32.74124327145527 -68.98093372594028 113.76853435482766 -47.506938465604364 22.867068909026372 -33.812511872842485 -6.749636997615257 -4.916238690061789 -20.567331234451355 -16.126618726255654 -21.436993102787454 56.987580947830764 4.314571450484116 8.372423607822986 0.5282744897361317 -1.245015948094472 11.815925803900656 -23.36764225327494 2.7487318686947937 15.23598563668415 -28.748460363814818 18.53983512006236 -7.74888902920122 14.104653591515138 -4.082484116039896 -12.292090555341089 13.736506053242893 -4.336934528520227 -9.672540426467707 9.072243033201516 -1.9620140647865472
b42 5.743089681398645
w43 -59.797496648856686 86.34491287653314 45.79799575139747 -61.36624703203376 -70.9872884383185 76.24472932798125 -22.132322938890827 7.0363382824443645 -106.58709575749239 134.46585001509575 83.28925247293486 -88.00175085950993 -125.68253036919171 137.87502094883985 -47.35081245466419 15.17512603120322 -194.00307531663452 -54.95168407265962 -98.79597904972655 125.3232628708035 162.15081631965506 48.31264595565324 14.206376482322861 -93.26011798920612 5.739788360522802 -62.625619476288364 -8.143738232102564 -11.08745035474892 147.6531119293179 116.39394964366812 79.22440322940244 -17.520166238615914 -118.39431071203077 -17.753442444610165 -189.76863752160463 185.45441265842547 -64.3725408834566 -3.2069176961397687 145.3702417418262 -109.99611937845329 178.525845186717 -285.39116489257816 118.2838996099825 -46.10742429774479 47.05902641983566 34.60644931013646 26.58785514426457 0.8951175710242067 56.405436820472936 105.44325390958528 -173.36421907715 -5.330755996322494 -11.601892867783501 -10.595346860932763 13.771102135063487 -5.298729288401122 39.37485944311758 -25.880194109389624 -48.129545537117885 71.16209104402722 -27.664961925235602 3.6860394563295746 -26.181069641229865 21.6109922942127 10.350087382440496 -21.130420934229594 17.18829280584267 21.425540949988545 -0.9441224098671515 -20.015680356803593
b43 43.49485114210006
w44 -25.508009064807617 49.16557173236296 22.257948912994603 -51.23604873232746 -53.24588491485055 86.48450241879301 -37.70894586695064 8.56101702459291 -51.44740761826201 70.73833990958717 44.021307145353255 -48.3492365072282 -72.37043795691129 77.28389472765485 -23.895394437458933 8.264125832268949 299.14744901702704 238.98735720136978 112.71795801413187 -221.97990937476945 -266.7330245461418 -168.44670808520823 81.73925351934692 -45.084805374712566 112.49687870194168 35.99381433501965 93.39531866256621 38.63225036546195 -330.25417121312665 -205.76883816240039 -96.13243584602587 167.69932990618705 89.51061650350758 27.745517858207325 -154.59491131015469 92.67648217366815 -38.054224182653606 16.320466341246878 132.2290898915342 -80.7174377921722 99.40304427775288 -174.55011126538054 64.82611966782446 -33.223670739276244 32.80441813014371 36.187059500050054 30.20161519171087 21.29876184935844 51.66343771649464 49.20300577847144 -103.53815664453774 -34.74925162264135 -4.828089964061012 -5.911072601904234 4.795331475981879 -2.111641159923592 14.544344628123794 -5.88580763147921 -14.577713798203513 22.924923779765805 -10.38111963827305 1.959281512104552 -10.394047255679267 6.647384676929352 4.902651431178175 -7.700313512885021 5.408026915980118 6.402851062160559 0.8741486487356306 -6.422587954163647
b44 -5.6841835546604225
w45 -0.7124718658674801 2.716891758429238 0.7007082664937375 -1.7093134609444562 0.4327682927100898 -1.9718162711217864 2.5775206698111224 -1.0355840358693973 -54.45683448588336 43.792422753433215 81.57846972076878 -27.217922161276707 -159.68990218684647 161.5946532369236 -64.38123384141842 20.92899068298754 -12.340201683406967 -10.200357862586943 -6.23142373039987 14.80292558860405 9.296962560306813 7.186051740207238 -1.7229067520152335 -4.375636345578249 -1.943707376857803 -6.924644088762354 -0.8890494811216874 -1.3147073633980337 8.48080254405325 12.399072474328747 5.6958245861121695 -2.4477131474821663 -3.953932470129381 -3.920776613008457 -76.20021925285823 -55.88064268385719 -34.71398546837601 46.8070439944904 33.71338406291243 29.137907593323575 -14.617129864031648 8.25247489489461 -15.892284256497172 22.294808082398102 16.291010914779687 6.257635033084474 69.14251576395515 50.62956345412084 24.417968237035414 -56.247219818976234 -54.88563727206013 -11.666180955656635 -241.24156523697056 342.8083540496348 -165.57758602586617 95.75329859500721 -38.95811516355221 -31.29459900327147 391.2701390412443 -706.8318013396078 342.49611432503997 -140.02437289125075 193.16119220619024 -36.27614769243855 -24.080151724300357 67.7203547299364 27.8353282368666 268.89057830334934 -403.1283760415 106.41956671261042
b45 35.32208508851072
w46 -2.4365702764727075 1.9959812475306002 8.361992696894902 -5.278315539056443 -24.531214106082427 31.639514472853417 -14.824038808651856 3.312616403856554 -17.527566201076908 42.5170304146117 8.129626290377898 -38.424446668762236 -25.7023517954525 42.12417102602783 -15.281990239518503 -1.3479835838073173 35.92736939908345 9.698723456581288 33.57515232378128 4.24171099260251 -83.9186161209488 -1.7571032078636313 -23.094864967206753 51.18120290611403 -7.963791382590631 -4.630227635463078 37.05181862446265 -14.48963308461638 -37.43759665521203 5.791692976948058 -48.02408128379242 19.574208668863335 -18.719735447732575 34.35737010408158 634.6324323920063 520.0249091784353 328.61481941791516 -438.823334177477 -165.55919540079336 -334.99990433982236 194.3094037403627 -192.5933565773652 173.0004220874011 -215.49540341117512 -196.6532889610805 -20.548017465696542 -620.8987779655416 -507.4065167695414 -188.3741892242529 560.0903325876465 484.15498124666226 97.04417631548822 -52.77237399123438 67.15460247531514 -29.159419627757106 26.32799233720503 8.044887695757335 -29.297552335396777 75.69887418629607 -152.35431762203422 82.14022130967473 -39.806284176578366 41.7636102404926 6.138293392753481 -16.244774871889042 22.19034037355702 17.154592392278147 42.878008101495666 -55.93111051595431 -5.622829336351214
b46 104.50190126587312
w47 123.05112142570866 -401.5270822699702 267.65601483488587 287.06434679560914 -559.9276297242358 360.41640429244944 -117.70043663709252 34.03410513132911 -0.023218492673703958 6.130083875462106 -7.684825801674463 -6.21340809886021 17.35594564988405 -14.56772569913329 6.522748004227395 -2.3533467106102 18.93481292056356 -147.4043086931795 97.90515371531443 503.36761068571957 -730.514367779902 316.3162194223863 -371.3561960747289 566.9114128713162 -224.791540273753 -315.2779240432112 510.1376058751899 -276.4431024185026 -228.1921775893305 540.156395416569 -359.090858897207 366.42093281953515 -680.2687770236755 399.24808684189315 -63.80074251529788 -6.77972466794234 -36.86342672384723 72.35873888947893 -47.50593465127688 48.29392814838717 -36.838644275560476 42.52443509905494 -22.07259183851558 -6.86037316019803 46.018065907478054 -12.082924415730421 31.969860163877225 55.423189449650486 3.9704098866033823 -4.4742659038124275 -87.1638242778325 15.345933779930123 -31.736342407071845 -37.00268904563618 -13.241005537583222 29.044764244873434 24.226323755626726 9.376097899883469 -12.792131812191306 7.075892276114917 -6.547029079456449 4.810261030226243 0.4347328592063295 5.718542715860701 32.22273461902357 26.37461003262542 16.10595071552142 -30.60501442367921 -6.495869536355928 -15.25533293021625
b47 -22.054409441385783
w48 97.36679580247056 -342.09261716905314 240.56882122225892 257.61547583034553 -498.07536779675956 294.7140119975504 -77.9091933440697 17.01170341226899 41.188698607159395 -153.72348461051678 108.53149778179657 147.5700371974831 -269.17280739525296 179.29548017286535 -60.95388181413025 17.842341105442372 27.259506193057554 52.85606278182511 2.8753241229855173 -178.89805897274852 205.91959802173386 -122.8637696438449 116.94531384013183 -169.43079949736855 75.52121292412507 113.01518383125968 -165.29595959518608 93.02684233663696 51.494498306876096 -194.61849288992724 86.64340804348569 -120.2969693593669 245.62281593069076 -120.23978301093632 -213.99051701107135 796.4177924548313 -137.59777012737317 618.1672967795507 -1200.4547297629874 362.79551549675506 -369.84615723273714 514.783209547061 -144.01209520949456 -412.4532625428894 559.1023372850794 -351.03503515226225 -310.2116993191383 194.56440159438975 -355.1071132492757 673.9746321610072 -811.5824459288992 582.0366123715853 -203.09728069507636 -192.59327919883174 -110.89808295210413 180.9659418891445 122.22732940117076 86.11755005776 -58.76648831411539 21.637023086891517 -38.50674756454442 9.343642141946235 29.94903588553835 25.13835824947517 176.14382019927817 174.3187938350213 105.76257733303498 -131.18109318430407 -99.15861262304831 -80.99296700706216
b48 39.24436440984321
w49 -99.44413220767352 282.3455982341791 -144.93976950984882 -210.92478151101454 304.2866389031521 -150.8237777209277 35.11324035305297 -8.738637502029302 92.30089398703002 -266.94363723502016 144.70038452179898 243.3782181447501 -370.4265387748971 220.13155200366705 -69.41976825657495 18.71902265661149 -23.866372758365774 11.560223657338213 72.97024287598563 115.20734362473331 -160.45407008764062 -0.9794267538866905 -64.88074525798648 92.76340446031708 -20.71534147738799 -71.61290206341023 110.65587390227137 -45.15209489234645 -25.700206573680774 76.93720133745651 -123.30661525451579 67.33880722641734 -127.29522989912562 105.8658477392184 -99.7935505295196 261.5093761774241 -13.154050510167558 192.44963778651461 -340.93318961150607 76.00213351150659 -100.91304460701251 134.6791417958187 -33.30018964305148 -121.42241295884817 167.36337969957938 -112.59501451263498 -73.26624641581743 50.81726345208045 -130.1647846087949 186.37442642755315 -237.6418442199598 192.41203649480485 1042.5625540019978 914.6417655992734 535.7750097352406 -733.7577699189956 -785.2792731420071 -344.73559723779834 91.6516881884231 174.29913391030095 64.31050655365304 -153.19028101565686 -44.86679279018024 -144.01520649982047 -996.3670482133411 -740.883490648086 -527.5436066264515 747.106149289553 440.4799708345131 379.51854883341775
b49 -139.80566403240795
w50 437.7418078001712 -1267.489210334857 678.3047026157835 965.5159446015745 -1453.0387645627516 746.708347347857 -179.73214158521625 42.781513458453325 -80.34263792761503 206.26630238538974 -92.1658327346412 -184.30120254485874 242.62154002568874 -128.55568938900765 34.727758051550936 -10.5682224643241 143.4455642807354 -65.93026841055566 -279.5553557032641 -428.04458812314516 516.8514483642571 60.758481035911736 212.76476444419487 -281.7627639224776 50.52469853897073 255.6557988582986 -367.3988847597766 135.9703362225061 30.31580846155471 -238.3470869417961 440.1807217180882 -213.34781816993257 426.51605061404774 -363.7029915462016 115.44039308356574 -267.9280479739515 46.8733539459405 -227.09522529069537 384.2627376066401 -114.87018022345316 121.57461354230178 -161.3410174639697 46.217058775907404 136.3461331701848 -195.60320106808567 116.43381073813855 78.92287033577693 -78.0741455728348 117.92192459207331 -202.8722959437637 281.01667107411254 -192.4665988297052 395.90727583577586 386.2491187808177 222.38297163153328 -330.8639614134398 -239.1562114604118 -187.57281301828343 94.17851101308422 -33.1607379966729 76.68352320546009 -42.080083612043744 -52.12049323805747 -39.72573445331542 -369.9211079163857 -337.3685687328384 -200.59188409519288 281.64266404198514 202.49524531175334 140.78514049968925
b50 -35.829205779848834
w51 91.14359896799596 -250.8212982071712 121.51561237174127 184.55987044154 -254.26568788908924 122.60291386143608 -26.919501683762125 5.9314670688384945 681.9137739372172 -1729.6840773698013 665.8039981118139 1562.3355219501957 -1828.3713042099935 878.6412400487428 -218.70141259896658 61.94398159714645 -10.618322946582808 -19.86565260152012 -10.544688621307362 -25.467866095094763 74.18287828238657 -10.610390291961933 17.050434861448867 -30.233403532696073 4.964068118241363 28.86426910751863 -54.0365424520229 20.546876727551638 39.19665239626326 -26.780249044827535 34.22054818646517 -48.973104154127874 60.28710845716626 -37.90769131691515 201.8048279274141 -312.5587556786187 -10.754270355993816 -293.9873328945974 432.0112019488971 -94.88044616168796 140.5481852827752 -178.74751315352788 46.53194831686644 118.6253468921699 -207.1686403393989 158.887350043487 7.542687905308313 -66.3206309785169 196.2031119517745 -151.11320279268918 296.1463298904698 -273.9064174965207 -143.79560874645114 -226.62938114184473 -147.50102765475546 416.03905546264855 -360.4561468652271 358.8101738787231 -344.17364160418714 544.3360677104196 -287.66497216653255 -99.65974010537963 267.9338606523315 -115.00601089613104 54.56106499124077 409.6288191459803 -11.775151051904661 -1.9405114566108348 -368.91324698445976 76.93056765231465
b51 128.28052994104857
w52 111.86163879679225 -344.0226509627731 198.4206432900642 274.80877397889697 -440.85237009000105 226.00400275036526 -44.22848077695239 4.7092200065098675 -98.2631745293801 235.0371792490167 -78.03560971865242 -230.78175398550783 270.2602003909617 -133.16254578546358 31.769871090423262 -7.340917851140745 -1481.787071853494 632.1189118422668 2346.4364668372245 1164.5151688699243 -66.15158659013746 -2339.519997249068 -51.67904119339016 -344.6238074323166 561.1411685363217 -261.2505967699461 -95.30894846758719 408.4280991916017 1546.987836477791 -744.8602899728367 -2130.0333238760104 -781.515031798921 465.7747821047217 951.7101599031125 99.52779203852643 -151.53841544150407 -126.97001201723981 -116.55438511743638 151.41636457586912 49.45683914293194 36.83564554500098 -34.67761819166894 -7.044150981086321 34.83213492133324 -51.02162688360961 93.0687560449079 -20.709106096616434 23.124193329614613 172.47931486310833 -26.349425742178546 45.99186348031378 -173.51299167583193 -25.882321252864287 110.69268783632785 -11.738219745870055 251.662231367089 -439.7958238699206 153.46875534396398 -183.32128582887273 307.60002070742934 -122.4234690138417 -154.06248456775947 248.35468042164703 -119.35670332491046 -128.54164730972678 179.84932076055486 -125.00133869718665 236.0560510683941 -337.32814172893234 175.64069205197717
b52 -244.39246933907026
w53 26.072493355625735 -83.26795447881241 50.3789980571525 63.314683164917255 -103.32275358003888 52.94373359684373 -10.730460197273604 1.4754607570039517 328.69845539546543 -806.9095149355302 265.69889143223935 784.6368585319725 -867.900540320652 392.7744569096356 -83.58091429028778 18.457650003114335 -308.4122507436376 119.94911318746684 462.4253416933344 246.0717757894858 -11.160844635840403 -458.7769667381087 -12.881732640043769 -68.76366321320688 109.65044448008142 -55.877908368801954 -18.10332739843794 78.85298969502273 321.61896964953974 -140.6908403144566 -421.2956593879468 -162.41505706351856 88.16054724406867 189.22721876412282 62.88892792592333 -137.16628575415686 -79.71039199696938 -73.40166274861573 122.97923457302979 31.007430698108422 22.270111667142963 -24.707170930098776 -6.758399303981992 23.715239064231486 -28.17423893955981 63.51706199686995 -10.938817039074156 42.12377648730127 114.76733962601251 -17.395215512986358 9.031579744071824 -117.65067339757199 298.1765195801924 -357.5017659025822 285.9675208850364 -1521.4627016680388 2321.146880674004 -1077.4621163943493 1090.7784018370187 -1807.0956532630014 791.5963557231609 826.9010425371995 -1426.9198272711014 651.737098445408 554.3726801650448 -1232.62870003414 525.6210941565303 -1141.6532219920225 1985.6816733410794 -867.0681356515987
b53 -94.13269928500151
w54 45.78432072251251 -117.53206895157587 47.7168036774496 100.80304381910445 -126.26120923574598 54.31069628077102 -9.09639250149292 1.0742803901175195 94.97795926051747 -223.27571622405108 76.16659648218038 181.4603679371096 -182.03899041539003 68.3366900247729 -5.570383505257592 -3.9345419243829753 -99.53619395113724 15.753252473722993 218.50939213872982 65.74027490203581 44.09007444897546 -217.8056977203014 7.1726035312324505 -46.32095305161962 52.07364962589457 -11.136637960067855 -25.161575678623628 38.071609498223324 107.0946933541122 -30.364200374610643 -198.27950219792993 -56.47995830121482 27.608596581095313 89.39494840843902 -2003.2634476530823 639.5792313958453 3477.689502151806 1044.5001712176584 98.64810199952986 -2002.1769308324451 17.353932133273414 -331.0312811454533 370.1148463431356 781.3778329489863 -534.6034480120499 -1281.6130999222573 2027.3905244854382 -957.6609217171009 -3179.4548204719863 -1923.223081946028 1046.9458633178633 2656.65461731596 -75.13336360495191 -85.06893048222902 -19.05432796690532 32.65940260236721 86.21977893944252 17.032011157653177 -1.8463321844634484 -10.827847512687494 -12.390847441039858 33.0639442030118 -21.604466426098423 9.373720830679986 96.30812569721155 36.58875697243885 25.398650824796917 -88.94685011444241 0.05147990682812803 -21.31308253703399
b54 -58.69705207873054
w55 0.4355568803838363 -22.557715478917032 67.81207359932655 -84.59612352377803 56.652924324812844 -21.156878593268296 4.294175270519169 -1.021984232642966 16.43070414990378 -23.170877411906186 -50.33256523277791 137.80031584911367 -127.68180829119876 61.27622061037591 -13.010357573241341 1.7326029704127341 8.123419719356763 6.012010422375172 -29.44250156287561 -5.126663529172378 -10.024572323337063 26.700372528786623 1.0863885379858242 1.9772169673833047 -4.117839263072864 0.5641360744758169 3.7791283757006684 -3.712893127090954 -9.125190208687863 -4.6527274305023925 27.770285668716667 5.960487273106432 0.5005136718431393 -13.430342600361357 57.555650761524134 -65.90303585620607 27.04050107881721 -30.905712686266213 29.825975029210575 -9.569883012365064 -0.04107901514150241 3.28724258728696 -2.444156587236701 -26.378666319232288 33.0956976965634 -17.527038912280766 -63.2490015357069 76.18400553738259 -33.70031358162792 62.884987769262096 -77.31534501753113 33.86754298546007 -2778.6633348253285 567.9418572944584 4500.525125697469 2130.123932923931 -318.2269735898355 -3144.985689589975 -318.2029760852552 -35.341038864947535 596.1376032546247 268.9718527082863 -107.29885535213111 -949.1726422626049 2512.313342485408 -530.4906096602721 -4129.1512812075225 -1773.4092082234854 353.38807554327263 2792.040450076511
b55 -243.31904555090026
w56 -697.1914351141422 3464.324851114398 -5834.275308881076 4904.773908174063 -2438.966026573865 726.304761031744 -110.84021258427406 19.259882596304788 0.5301884720270497 12.482255152478269 -35.263776384188944 36.730046684630416 -18.976296809659694 5.597598016603306 -0.8638386375988863 0.06780295973689036 -986.1970948481157 1777.5802317157743 -1069.4553027714283 998.260122355964 -1781.3163132751642 948.4710698672666 -233.44647026463065 388.0770093286535 -166.27138524507149 -276.41036314120834 473.97295276980714 -126.63893256129728 990.4367267939646 -1761.9486453922095 1012.5058063479834 -451.94835852769137 791.8210602030076 -484.06906665311675 -47.576877677332774 54.805663041589774 -18.719354840367558 29.27400975661897 -30.79437148873079 9.910124607624521 -6.1972892892467195 6.572210512158429 -2.0063122494173555 17.312003205201147 -21.05297233003979 8.807149665406973 47.364940971354315 -55.88023420544168 19.452065441130557 -46.71241222795193 55.40973019254972 -18.530784955189052 -39.15980072377698 0.2601260226207258 51.1493327768903 29.764416727634007 0.5401512418007309 -34.760969645998536 -3.56217057399636 -2.025833085800117 6.607306542646413 3.308328995805739 1.0546999290576136 -12.11445599566815 34.69309882521726 1.4241423737026226 -48.523040729518215 -24.2304200387005 -2.0355586157727266 33.799553388755385
b56 34.367489827135216
w57 -359.4986597915571 1726.0322864125972 -2812.412151950262 2265.6694021466064 -1061.200603257597 291.67515564585665 -38.58737411461943 5.803614129104547 -16.215963818449495 82.66380318162628 -143.92004922277138 117.11190589861901 -54.45653524710634 16.612410629529485 -2.879171334733396 0.6741436054880925 2131.115604006539 -3824.7102806658336 2268.2897079933723 -2136.4174696523582 3798.7396353699964 -1997.0451662298433 492.47853259837757 -816.3729010643802 345.8095704436633 584.4392511002403 -997.5284136260693 257.27561811188644 -2148.7760916058487 3807.8518904495936 -2158.4404371445507 989.6877531000206 -1727.655985572945 1040.6744163454837 -46.800103396318114 152.316122382546 -146.71755456246117 39.835507837040076 -104.24524579924682 81.23391881020477 -15.16824826622694 27.00289145830369 -13.707781677496204 8.100390962279146 -36.76685009358643 56.36448731552475 37.43008043079653 -129.9612968386133 136.7041736124271 -31.07045170342762 110.28239339117943 -115.87895980514456 -29.80260101433663 -7.790729101168351 41.58723517165602 19.09686064060375 11.376020704756348 -30.316246819784205 -1.095120635846626 -4.860378123125943 6.117444759173487 5.032254591506074 -2.1817869674928856 -7.679707228058676 28.885735673080948 3.860487576848877 -36.930660888411964 -22.256028403163576 -0.4409155782478533 24.211943723005703
b57 -146.615793585507
w58 20.017466087203342 -89.9696170417608 139.72357726852456 -109.09527191205468 51.911053282217765 -15.847577016090696 2.818414690218646 -0.5365707200870795 -893.6754617277461 4074.9643869142974 -6597.363083816774 4955.183550076609 -2080.0536479476787 562.4284136280745 -82.07268495513605 16.200584839305094 -65.1494779216666 104.03005206468768 -44.70418981983152 64.79196296409128 -101.39193013163418 37.56357906442026 -13.321327364981936 18.769797608302223 -4.921746979886944 -17.90361603092726 26.77808210801259 -4.389353647767788 65.3784230224274 -103.15994472221244 42.84362701976849 -29.075181410927907 45.55687479998141 -20.515493227087514 -658.9985800475935 1210.2468120588135 -673.3937554748983 435.1686827946061 -714.2915303613416 343.8739163374379 -84.78461153133372 117.1465667277938 -43.30769323075811 202.44263928110357 -384.8501491420029 289.10522753277115 614.9632600943002 -1135.568112437321 663.0010787615026 -553.2699094043568 1011.4432283530946 -576.9584855022894 -153.9527234344705 305.8169421069826 -195.86521499804846 146.04575880794786 -264.68925351749516 149.51000673194432 -38.63619210223673 68.95557785513861 -34.876244482990195 -5.788569520539334 -9.981451246607797 27.740514120691977 118.45615325159713 -241.32553713460223 163.8997967412381 -65.45810153933854 135.61900609213035 -99.8329413447874
b58 46.665083603169826
w59 -31.10457618139369 122.9113815900107 -165.66234913997664 102.87436861611438 -31.62783620506416 3.922956773634675 0.22973644047008374 -0.20462162913987506 -283.28281345559344 1227.330162922719 -1896.3965042999878 1343.750178002135 -522.11544497004 128.14315414004778 -15.774180860755457 2.5588010090859665 52.95367360561564 -90.0813830645978 45.565415463484086 -50.064901719596705 84.55390124816239 -38.470240745960865 10.453089574335358 -16.50487692315978 6.173144219240165 12.731548185621369 -20.52889216999439 4.003229016383281 -54.510287771428295 91.72527533399952 -44.4300101505274 25.802625826987153 -42.70385266724485 21.725921421234037 2281.9658707207 -4299.7334308786485 2428.0349886473855 -1510.298001509058 2537.464591112794 -1235.8320534442676 296.37214848475963 -416.41711269454566 154.38488077139576 -695.0594704226061 1363.104660680066 -1045.3078755161373 -2122.7055296234275 4028.9742017604353 -2393.797377952228 1903.795609616291 -3583.0627034881654 2083.8013363061514 22.3082233816827 87.92616806914977 -155.68739311049393 4.7175062090463395 -99.48604067189464 120.87843524418136 -15.3092294433291 41.18339031603619 -30.786285563590763 -15.85197648963949 10.628171053855558 23.122667210762604 -33.0675625923068 -56.19260915319708 132.11409002846077 35.02557740193277 20.761539342916127 -82.32398763402652
b59 -234.83654250576336
w60 2.205035298272842 -9.620054132661972 13.544861731343095 -8.75581149947202 2.8868985237996343 -0.41043141391623167 -0.030522003331194366 0.019580510319049897 -70.21666023080478 302.85465617882346 -465.4849201852676 326.71386161587805 -124.02288702093536 28.71332574445654 -2.7839763654644765 0.18731191880082806 -6.281952699108295 9.288863322434525 -3.329632096821228 5.913698797039242 -8.643629359415888 2.6984333652166046 -1.2224774385177448 1.6534131180181904 -0.3862879360615812 -1.452806167435655 2.0746794761899605 -0.2565962494111791 6.5379283361587754 -9.48481286086002 3.2557444545519973 -3.176421672803096 4.47365273497961 -1.606041399322508 1.3162606553919871 -5.492682684819961 2.4422505852403886 -0.696555537392112 2.724785482630311 -1.1023900394621573 -0.11230130041310658 -0.009961627503037713 0.00565680907395931 -0.3377566562514911 1.883284509266378 -1.1105921660297546 -1.1170423761661987 5.25368221187912 -2.467652138722098 1.2504398159410106 -4.9902779852896355 2.1899571321977773 2729.720177530554 -4762.2765596133695 2304.9992291054477 -2163.6711430110017 3552.5472442836513 -1592.2772536367459 386.14143187497206 -653.7016207253092 286.3745497605925 -245.13530405075764 656.255399005248 -491.44205710436137 -2460.337234366014 4315.007659386762 -2118.3742646711084 1737.3946896102877 -2904.9827586224806 1430.9788066228805
b60 -27.600819542008534
w61 0.0 -4.012909994184177e-10 1.264002962106893e-09 -1.6320187487400326e-09 1.1127669416867057e-09 -4.1176679917099714e-10 8.145408757590637e-11 -1.962736800720714e-11 -2.7192515293053256e-11 1.7307888143965702e-10 -2.8864147009488153e-10 2.1980583698000287e-10 -1.2302243054402883e-10 7.43606084460041e-11 -3.882290409314105e-11 2.3029604075579885e-11 -734.0725120943839 1494.638186172692 44.14836935051694 397.97708069812336 -807.7685395708504 -21.974623624732015 1.198520449552376e-10 -2.1246893133763933e-10 1.0109968417992832e-10 1173.6133131493395 -2479.83478138731 -83.28877804720821 -804.5197885689424 1657.4580445998783 56.799082221110105 1.5126788710517758e-11 -4.4825254619240695e-11 2.5478751053409354e-11 231.05461052683316 215.95489315270274 -299.6133251068879 -87.85899556021242 -72.91876988779609 87.47481431508844 1.1102230246251565e-12 -2.3869795029440866e-11 1.942890293094024e-11 -643.9846302847554 -635.1453186120565 1004.8255326529443 521.7679049371549 491.2781058289471 -787.8393869082805 8.333611578592581e-11 -4.1876224710080123e-11 -8.229528170033973e-11 -384.2304306082208 1597.0051411759243 2076.211017347062 167.2781582777002 -659.3600924808369 -802.4941812853288 9.353628982466944e-11 -1.9290125052862095e-10 8.659739592076221e-11 890.2263229843102 -3988.126856993818 -5592.469473623057 -662.1053247445466 2911.934068862519 4159.714775081478 5.820344206597383e-10 -1.016166317757694e-09 5.033473637894303e-10
b61 -371.32827892026296
w62 -0.0 1.3927570610749657e-10 -4.672870123012561e-10 6.05715811708637e-10 -3.921004717715391e-10 1.3820820458100422e-10 -3.177164661343892e-11 1.1070365525679439e-11 1.093597772739553e-10 -5.43930305884103e-10 8.821775542614298e-10 -6.38961290968032e-10 2.6456562742348374e-10 -8.84402345320945e-11 2.9593502053702456e-11 -1.3952224791220475e-11 30.329055442842826 -150.95006792504765 -2.97688686463282 -16.442883702392447 81.58008877591851 1.48173011575492 -1.01273156527526e-10 2.0683541684940465e-10 -1.1572990829544771e-10 -48.489192356783754 250.4493944797131 5.6160912163804015 33.23966620493029 -167.393959775678 -3.829913635695443 -2.409530908131785e-11 1.2007755900711459e-10 -1.3799318675580818e-10 2660.7017010203213 -73.23435349234434 29.983366251013827 -1011.737348170753 24.72812211946812 -8.753914380836731 -1.7520707107365752e-11 3.0635216585750413e-11 -9.402201239794294e-12 -7415.783642325801 215.38968672204078 -100.55644872628383 6008.400996795483 -166.60161731036612 78.84187686278504 -4.838143774499315e-11 -4.995461509726962e-12 1.279965716749487e-10 26.36072197120736 -141.99287284453007 -169.55270367131726 -11.476376338357989 58.625004614608024 65.53527410288099 9.50801937182888e-11 -1.243623259927773e-10 6.591949208711867e-12 -61.07535146007946 354.5922145696069 456.70613994967675 45.424758140361746 -258.90579391752436 -339.70096523210606 4.5427203665404647e-10 -6.948890247937545e-10 1.4645402945934194e-10
b62 277.7328109513876
w63 -0.0 1.8605682967336715e-10 -5.842423107055522e-10 7.654290897995075e-10 -5.284529692249233e-10 1.9658651374904543e-10 -3.937744816762157e-11 1.0004772426893535e-11 -2.8195639016423167e-10 1.2115481355388022e-09 -1.922717743492981e-09 1.43366148711318e-09 -5.856764308206238e-10 1.325392117978666e-10 -5.246577827691934e-13 -9.669030155300793e-12 148.39347167041294 -136.49984667496378 -32.296085741788744 -80.45145360574485 73.77055050525709 16.07521045898064 -1.178687681312185e-10 2.0134284864359309e-10 -8.533538459198908e-11 -237.2470717368648 226.47425348177214 60.92867203704329 162.6344570685561 -151.36958967831288 -41.55052737936359 -8.925152283900673e-11 1.6407014635788641e-10 -8.452440136696993e-11 56.62554370013287 2576.301385465759 21.054456618480113 -21.531980605074743 -869.9072530648166 -6.147038629067949 6.227657278756737e-11 -5.654331169946403e-11 8.36136715420821e-12 -157.82407345563138 -7577.164566291953 -70.61119721089376 127.87189675440743 5860.855691761349 55.36312574801901 4.104182271813528e-10 -6.39054781315096e-10 2.6075495929145376e-10 77.58799944647394 -135.0484897244291 -160.54636176912604 -33.77863026468406 55.75785724088075 62.05415541559707 8.305856002976952e-11 -1.194183640862434e-10 2.8419107345190042e-11 -179.76420905800944 337.25032874083394 432.44671172409426 133.69952891994524 -246.24360187261757 -321.6566464387022 3.901046152776644e-10 -6.121448833940057e-10 1.976543928527974e-10
b63 27.78489701646038
w64 0.0 -6.674352232667461e-13 5.269324791062444e-11 -1.1370920557547674e-10 9.683983985494846e-11 -3.672635835491686e-11 8.006374886620098e-12 -2.695824108557061e-12 -9.273285203585314e-11 4.122381238493424e-10 -6.095193718200132e-10 3.9068405967634494e-10 -1.2528395380347595e-10 2.1019190792798055e-11 -2.5551026265979367e-13 -1.8100444939372051e-13 -560.0872533304347 1088.4650772850148 -28.254868519232215 303.65105128463796 -588.2546384711674 14.063715385395636 1.1882855810441129e-11 -2.3626933742804113e-11 1.530026105811544e-11 895.4508528848173 -1805.931082150327 53.304652186966145 -613.8375585598553 1207.0380747014963 -36.351299578748325 4.6906922790412864e-11 -8.042178034628478e-11 5.646958595173501e-11 -4.408621427950815 25.854986706690223 2020.881476927606 1.6763874547118944 -8.730127845455842 -590.0145859135795 5.995204332975845e-11 -9.374445664178666e-11 4.107825191113079e-11 12.287503954342936 -76.04214718256108 -6777.513335756987 -9.955556225873101 58.817786948554996 5313.9493152690175 2.444919267041712e-10 -5.147618442613577e-10 3.456956942926581e-10 -1181.3802808183223 14.555033320123798 -141.13275667583585 514.3244830670194 -6.009378347305305 54.55043590219494 1.9845236565174673e-11 -5.2735593669694936e-12 -3.9343528435153985e-11 2737.148699471994 -36.3476095303121 380.1543421370531 -2035.752798749431 26.53923666660226 -282.7612455028502 1.847827446610495e-10 -1.9315278543263759e-10 -8.684025720739896e-11
b64 -60.25877474749169
w65 0.0 4.660104489324553e-12 5.652686167706578e-11 -1.488202218332221e-10 1.538265438167776e-10 -7.31962701638303e-11 1.7125831287550315e-11 -5.558198851924124e-12 7.616665484688707e-11 -3.6752076021149386e-10 6.469974707909674e-10 -5.429024431005441e-10 2.675600268236409e-10 -8.560010110388062e-11 1.498067474260825e-11 -2.996525668242917e-12 3537.2992850267387 848.6510905494256 646.6130747756345 -1917.7452088399814 -458.64856014018994 -321.8483300303518 -7.556455461354972e-11 1.1879386363489175e-10 -4.773959005888173e-11 -5655.328956070851 -1408.042769865876 -1219.8777363577842 3876.7658862162143 941.0997190499991 831.9000166839031 -1.2684298056342413e-10 2.1420365481361614e-10 -1.345798472662807e-10 14.093158756405543 -20.380113465755382 -310.2033236396387 -5.358952888975497 6.881496327243857 90.566659962939 -3.524958103184872e-11 4.08006961549745e-11 -1.887379141862766e-11 -39.27979455030997 59.93998779888321 1040.3416463393605 31.82519449257296 -46.36293901016833 -815.6860053737161 -1.7763568394002505e-10 1.7236212457305555e-10 -6.578071420904053e-11 -1594.2036998886324 -535.8192568987561 303.2682959757075 694.050854887184 221.22523320239574 -117.21883799632987 1.4432899320127035e-11 3.6082248300317588e-12 -3.3861802251067274e-11 3693.622328637903 1338.0765746043433 -816.8816528730696 -2747.129520035876 -976.9976994342521 607.6018290270796 7.605027718682322e-11 3.3306690738754696e-12 -1.762479051592436e-10
b65 -125.41408036966806
w66 -0.0 -1.084103252770104e-11 3.6625573264218946e-11 -4.62939388558168e-11 2.417288093529705e-11 -1.0907858255930423e-12 -2.9355615627334485e-12 7.529936267203087e-13 1.0789674738552452e-10 -4.698956460165697e-10 7.090559823287392e-10 -4.609454842854983e-10 1.3811739039016738e-10 -1.3297615922793625e-11 -3.867886366722766e-12 3.031359575002871e-12 -1957.8542479960859 2146.1284209972664 -477.7537442184862 1061.449795779307 -1159.8626586675912 237.7994673180693 -2.0920765120280294e-11 3.148523108897905e-11 -1.3461454173580023e-11 3130.1591774622184 -3560.757347798133 901.3135965980184 -2145.7450860722524 2379.918999149836 -614.6540540085159 -2.6645352591003757e-11 3.441691376337985e-11 -1.7139067942650854e-11 1.0569530555222528 42.41629826396462 -943.6091202145061 -0.4019085945498879 -14.322177411658885 275.49519884468873 -5.828670879282072e-11 7.757683384568281e-11 -2.4980018054066022e-11 -2.945890243852972 -124.75064992259766 3164.6207207151188 2.3868131454852017 96.49329247710517 -2481.239545956578 -3.73676783960164e-10 6.669664820435628e-10 -3.4583447217073626e-10 -1509.0533910064291 -480.3684461611214 -1043.880007723815 656.9799054987525 198.3310979528763 403.47904194665773 -2.6367796834847468e-11 2.7200464103316335e-11 -8.430756093247282e-12 3496.3369489835563 1199.601837208804 2811.7888926250166 -2600.3986303834818 -875.8902572798846 -2091.4266687068193 -1.0574874309554616e-10 1.1678158440275865e-10 -6.480926906249351e-11
b66 101.03444562029594
w67 -0.0 -4.373670549658492e-11 8.679564889441378e-11 -6.77255332321547e-11 2.543957604687182e-11 -9.204345609076686e-12 3.2872625058165435e-12 3.9609293985850373e-13 -4.763630324084788e-11 1.986504045587104e-10 -2.6165549897348816e-10 1.2268263730347388e-10 1.074391838246903e-12 -1.732227618582578e-11 3.072714689655364e-12 -1.616272207142267e-13 -948.3463786980102 -3180.2832839431653 132.90627974232123 514.1455606449387 1718.765656771004 -66.15341670981059 2.0816681711721685e-13 -8.743006318923108e-12 9.8879238130678e-12 1516.1880021114946 5276.579425810286 -250.73636461171859 -1039.3570328682174 -3526.7305237114624 170.99056707637226 -3.0253577421035516e-11 2.4980018054066022e-11 1.0061396160665481e-11 -16.92835185607422 28.218451565988136 -175.0268673748029 6.437040953947426 -9.528169268511327 51.10067357082304 1.4051260155412137e-11 -2.3592239273284576e-11 1.582067810090848e-11 47.18191247756756 -82.9933378636487 586.9948046399803 -38.22763225501667 64.19445853948335 -460.23673959121015 6.217248937900877e-11 -1.174060848541103e-10 1.2538581284360362e-10 -2025.049833487346 372.2152109291727 259.08931003282333 881.6235768489122 -153.67756156455636 -100.14283808186904 -1.0880185641326534e-10 1.9539925233402755e-10 -1.0491607582707729e-10 4691.852918226491 -929.5157798855669 -697.8814028050939 -3489.5629570433716 678.686702816395 519.0886774082238 -4.98663610404293e-10 8.94700979969798e-10 -5.52891066263328e-10
b67 261.0805328525097
w68 0.0 5.159067617555024e-11 -1.6328528755192418e-10 2.2396534685570086e-10 -1.7408146586938176e-10 7.381780705342292e-11 -1.598274738318512e-11 4.659981948644437e-12 1.5171307548097692e-10 -7.036483236884044e-10 1.1447852949861687e-09 -8.411593886074853e-10 3.273668041202788e-10 -7.88969106732185e-11 9.786143745510879e-12 -4.964217571951624e-14 1291.0934659308537 -83.0620579390062 -2601.9934959149837 -699.9657390977175 44.89040749511994 1295.12887084908 -1.887379141862766e-11 2.4841240175987878e-11 -3.747002708109903e-12 -2064.1618575447433 137.812737689133 4908.830426780578 1414.9967818172254 -92.11050366978442 -3347.5945926585696 -3.0531133177191805e-11 5.0237591864288333e-11 -2.4702462297909733e-11 10.448120898576274 -20.862502931790203 -1.981790838262304 -3.9729196728069405 7.044378705108878 0.5786017211061034 2.9351521213527576e-11 -4.3298697960381105e-11 1.609823385706477e-11 -29.120515096288933 61.35874430996932 6.646413453580274 23.593963951592244 -47.46033198548244 -5.211159679507082 1.8041124150158794e-10 -3.2529534621517087e-10 1.8762769116165146e-10 -153.14079854975057 1816.8340490939438 -988.6368986974906 66.67121783691665 -750.1214841124215 382.1265526383796 -2.7755575615628914e-11 5.6343818499726694e-11 -2.969846590872294e-11 354.81304740866 -4537.095391282166 2662.9863873510167 -263.89200354125717 3312.7638907409696 -1980.7464079243346 -2.1316282072803006e-10 3.7740643943351415e-10 -1.867950238931826e-10
b68 153.67361704944065
w69 0.0 -2.1840168562548001e-10 6.611283714754518e-10 -8.314229337204382e-10 5.601069881662131e-10 -2.060287228445932e-10 4.0110759548325404e-11 -1.2420084818680992e-11 -5.513707837961341e-11 2.3034637858168326e-10 -3.0022656072564444e-10 1.7547627078547836e-10 -7.527002521714946e-11 4.2129316734801806e-11 -2.166434690431379e-11 1.1492975143871967e-11 100.28118847518759 226.82795849125554 2834.9041014318077 -54.36740101373745 -122.58785467923389 -1411.0589260183767 2.8033131371785203e-11 -6.217248937900877e-11 3.6914915568786455e-11 -160.32658342913788 -376.3424928256194 -5348.231474045794 109.90494701907326 251.53768184070628 3647.2457196988375 -4.551914400963142e-11 5.88418203051333e-11 -2.914335439641036e-11 7.143843594638599 17.49300785361683 -56.80237598203443 -2.7164613648452023 -5.906643724028493 16.583966316918165 1.7486012637846216e-11 -4.08006961549745e-11 2.3869795029440866e-11 -19.910987561089428 -51.44871637063446 190.50046483005565 16.132239460998587 39.795031444395455 -149.36301331956307 6.078471059822732e-11 -7.426351200656711e-11 5.551115123125783e-12 58.80805288916837 1664.963691166005 -1200.3986233561188 -25.60261237944783 -687.418333905107 463.97639855353043 2.275957200481571e-11 -5.190292640122607e-11 2.55351295663786e-11 -136.25281215287666 -4157.836591411621 3233.3864916482635 101.33795205594261 3035.8477695003457 -2405.0136753180354 1.2101430968414206e-10 -2.1170565300820954e-10 1.2351231148954867e-10
b69 -357.7294260587317
LAYER 1 tanh
w0 0.12097554775211726 0.05737304928766532 -0.036732270833534454 0.2093331054244283 -0.03026099975666191 -0.02605821003559212 0.009826372918594749 -0.14067196519972525 0.011665878944540499 0.006359735312174631 0.03729534164416276 0.039749077385319256 0.032557477337438336 0.05430417283298924 0.025819350779097954 0.011753111226349266 0.06475800775540803 -0.03099833362029497 0.025787470051977554 -0.05942033033371098 -0.0042266084658305544 -0.017408601017298554 -0.01497185866505249 -0.019130924655819403 0.007728320692878588 0.0351568971740415 0.017427735728700176 0.03494380123736537 0.01514893828075285 -0.00994133837953437 -0.013489562500441846 -0.008520891520044259 -0.030976442563945893 0.021315789990082462 0.010860624492885305 0.022813989272955693 0.027300237813334436 0.004970375722406862 -0.04034931715808547 -0.006919034295128698 -0.03354874088090115 0.011318079766924194 0.009103120020374809 0.04076975483360531 0.01636416379227763 -0.03465166945338258 0.004682890745533514 0.014260646632207021 0.00760023558982794 0.02988872735529937 0.020362851241948834 -0.01621484787963203 -0.00798549154056398 0.029644729620227347 0.006288969521892481 0.004499269330544918 -0.07540606830748608 0.04020719144289828 0.08617119308307372 0.06909000851006847 -0.033169981395679574 -8.849922499387263e-06 -2.788282837414533e-05 -1.561812078398873e-05 -9.780293083397032e-06 2.6087456203199162e-05 -6.875107791225158e-05 -1.1227318207332155e-05 -4.320736728437891e-05 3.44757403547283e-05
b0 -0.40487848399782456
w1 -0.0029969630213283957 0.25511799685637854 0.02593346788040878 0.012645128463076496 -0.07156029905410781 0.028427756856108825 -0.0014462891650330663 0.030359683827489953 5.35879857169102e-05 -0.015263642512377199 0.029680320282205266 0.020263452865028425 0.02672745751695574 -0.00014891901548002933 0.014517451239988207 0.015403806975603975 0.0026362020915881358 -0.0031323195549443103 -0.016430612380483184 -0.0002257181961002734 0.002928207046062828 -0.004934418036330186 -0.010907411679433729 -0.0036741644893877228 -0.003423847597031815 0.00046665061254450696 0.0058411336317527925 0.0025413118365000963 -0.0051868359468331265 0.0016868310630215432 0.010876550471220837 0.005471681775327309 0.0018748494343923592 0.0033727098463744933 -0.009809477856659652 0.002217598935517187 0.004577098357241458 -0.0010855502363489855 0.0029007836511535205 -0.0018887524414449796 -0.0014390725922500413 -0.0060774013811337605 -0.0020570547979994105 -6.709744760307769e-05 -0.0007578361242175885 0.002488502926588882 -0.005548791882875752 -0.0014056604649103936 -0.004060536774787954 0.013707312520173045 -0.006703280156903661 0.00506509883318245 0.00036192780685984863 0.007111224489644043 0.02004828997457781 -0.012320310265919187 0.009878777235060992 0.029872591407887738 -0.06239918801925589 -0.019156801442422107 0.0018547386552703266 4.998735757089847e-05 1.5646384482453378e-05 -5.083575042745803e-05 -3.155852330458461e-05 -2.3653246299539844e-09 8.305224883870517e-05 2.565792089542395e-05 1.4417512742207375e-05 1.403715920646786e-06
b1 0.5981990086188155
w2 -0.01985577846846058 -0.13556714846696785 -0.017868882525614933 -0.07583916664013349 -0.06518389208200119 -0.05067581275034913 0.019808774216322655 0.014355838930908065 0.02918311220453124 0.0029818196184027116 0.009432197119622702 -0.014509379971291836 -0.02187442535084906 -0.0021449578972327203 0.006136934548765515 -0.024514845407223707 0.020843493437411254 -0.008164457329576496 0.00373251948557404 -0.002241427364991097 -0.003665983017221025 -0.008693258123573713 -0.0025952475240957947 0.009673515964452688 0.005120904358877128 0.0040071046138632225 -0.0029466773483275703 -0.006287283709187488 0.004372657393766493 -0.0002551782319377381 -0.0011432885317574138 0.002815605763764724 -0.0013597635297224301 -0.003844261983406615 0.0025557843148493204 0.004063500726953825 0.0015717681837782386 -0.0004279341753503926 -0.00492682630350748 0.001210374724011196 0.004729760475907969 0.0008134986485733128 -0.004218461442859217 -0.00274234477233349 -0.0012789202709205826 -0.0026041288292453493 -0.0011360878787505463 0.0015747217089829727 -0.003127398945284327 -0.0016578522236428163 0.001455413775521501 -0.0013500006574834263 0.0008089336557815996 -0.002930195628309613 0.0006578719980695308 -0.0035702306860289426 0.004802613935961313 -0.01539470640554264 0.05779645034307945 -0.007180020192825076 0.07690314609123099 -1.6528780690814287e-05 -9.573985973778037e-06 1.8695700006761461e-07 -6.602365967747644e-05 3.652727778308432e-05 -3.6228078666321144e-05 3.995211212672001e-05 -7.596384455782153e-06 3.583516869850321e-05
b2 0.6277097090063505
w3 -0.039905467930635125 -0.049666316256018014 -0.06997414081292307 -0.04300645612924142 -0.15948844002384693 -0.07168802711524531 -0.01739113496449956 0.028048906610271797 -0.02571131495964625 0.040041437048011844 -0.01327537293806253 -0.008448049775088706 -0.04187288931104054 -0.039154136728332685 0.04929689419289338 0.06358170779457654 0.012397115321091303 0.02903064646798498 -0.06039722246936417 0.01613496363102317 0.06856565880765515 -0.06497007181652364 -0.017487070491644576 0.004095104669476922 -0.005087794455249364 0.01897616271660365 0.030131864187268976 0.01793415300061053 0.015766609686146345 0.023486631635027698 -0.0014309764997349878 -0.007832980652287628 -0.01892566836060976 0.01857981661251197 0.051949561527363894 0.03083703715213706 0.007291008346408247 -0.02335658819882247 -0.045871509068063206 0.009640722657609983 -0.03801922513502036 -0.013030779220556007 -0.022055892847353216 0.006942161785319584 -0.00754125176966683 0.0005386392793739417 -0.002933537480644435 -0.01200157215017244 0.031136640176229833 -0.03581515201697264 -0.036243156182445974 -0.0028981482651847775 0.026719627722244645 0.018193795349121276 -0.04690266176578752 -0.03647845285082836 0.05008767468136822 0.048013992405961235 -0.23182994935350495 -0.0036367150842969305 -0.023737643098869818 -2.3788382258343814e-05 -8.088390854073727e-06 1.2988119048500653e-05 4.331366098306451e-06 2.3761677401215133e-06 -5.347843527194218e-05 1.0107022663900872e-05 2.9446240280952042e-05 -1.0920889998197118e-06
b3 0.39323426417166046
w4 -0.12702815218615843 -0.04602080458335605 -0.05896617455504764 -0.10294788508209442 -0.05686384939372802 -0.053384324327789646 0.03527038759727353 0.06776696236718115 0.032297694641762624 0.002607141858264834 0.056010180900087345 -0.006930091907651861 0.01941140226214707 0.0004020529014390067 -0.009614697380367025 0.006742821633961657 -0.009292699907903115 -0.0020809222211177975 -9.28409636663224e-05 -0.01163588624185493 -0.00948116185966774 -0.013328404118254578 0.004884440232574784 0.001535861877483337 7.892387948335821e-05 -0.002816367181267377 -0.0027218447534508115 -0.00527694664159272 0.0033308857748872954 -0.006487840957295139 -0.007511122304617297 0.00879815057417473 0.0016307082049281487 0.0054294334902616785 0.0020266877024147983 -0.0023230882942108385 -0.0025915323976938714 -0.005432185145416693 -0.006573083013105747 0.005649443463970878 0.002305428087953208 0.0023491696673286636 0.0005853007845810224 -0.005752166842617805 -0.0009847214001346177 0.0022301686023215653 -0.0035487647563525477 -0.004572975690051347 0.0008295201013905598 0.0034399493930372493 0.0034882597342470044 -0.0035341084177734337 -0.0027473555145360457 -0.006454853494129228 0.0013138805561259462 -0.006447977619018512 0.001200269845389139 -0.017718129692409778 0.11707506413375075 -0.07156928742831051 0.15882890864891547 -5.191869366508846e-06 5.0778430858058426e-05 -3.437602469978149e-05 -1.0347205353477057e-05 -5.8961138023533695e-06 3.833488100289074e-05 -2.3861968838490263e-05 1.643074209124869e-05 -7.18489927830649e-06
b4 -0.8564214167984684
w5 0.20727109270775806 0.0044185590326112755 0.1536710329799437 -0.026352009198344097 0.2866103688167569 -0.20708242571573604 -0.12486620844301959 0.11017940051998673 -0.2688506643442312 0.006465866025538597 -1.957883343635955e-05 0.08248696690665779 -0.3139677455789203 -0.04990743137276675 -0.1671303784805819 -0.10626103150686539 -0.20878643054113236 0.011576755571861247 0.07520361747322021 0.0944153954260892 -0.12062545561385657 0.04575927850466165 0.09815710084535324 0.11672396826578631 -0.04530980957156295 -0.0671802952264852 0.18323972513859496 -0.16865303319043876 -0.1148719381739926 -0.004137426618307024 0.1730300982542258 -0.05347357173800456 -0.08792629067767818 -0.013269585846400546 -0.029394857265879735 -0.003816530122007845 -0.08965679141867934 0.04212932546311346 -0.05427188640328754 0.01792736026902876 0.09569611315323431 -0.021049853134450684 0.04991753180821764 -0.07981957222858664 -0.10005131456188435 -0.07351198495176355 0.05029138290271953 -0.011960522211794639 0.04056372984073815 -0.056320910311719596 0.04049488517229969 0.136177710571498 0.0014746599805314754 -0.00890914235104024 0.07087438011865453 -0.027433969068545446 0.04027052205769715 0.045553333321133704 0.1545897676467814 0.1479652925221728 0.11804615832284077 -6.186230582509578e-05 -6.520852703822122e-06 2.9801038145139995e-05 1.1153690617492322e-05 -7.099833111651374e-05 -5.606389169121261e-06 -5.978470241235863e-05 -9.144181410681925e-05 1.755454983061145e-05
b5 -0.027720824470925904
w6 -0.03875584795113203 -0.0019301259160875266 -0.10266356023651821 -0.049132147790144375 -0.060465472720325236 -0.03036022814898024 0.04411672416174234 0.10892353875356084 -0.03639057863543908 0.032607683137694646 0.1284878237701515 0.22474464668460978 0.013512226815395137 -0.040102508239530335 -0.0659363324180485 0.06750110387465975 -0.13180568395886563 -0.06785008419722287 0.11015850165283872 -0.05538599553278593 -0.013478166884751149 0.05592455898636141 0.04567622075550562 0.08097787910621014 0.07905006643093497 -0.1444399661952886 0.10076685669876329 -0.10062815662975926 -0.04306874460963343 -0.15533826309278273 0.07283843078001498 -0.00017742512093607673 0.015432439971494268 0.0008129365686163081 -0.03194282216792176 0.03068099484314573 -0.08738214644038952 0.04245684413308971 0.07196927273554178 0.002096863949153079 0.08845094281448294 -0.08163959400562419 0.10523079389835138 -0.08803839798048213 -0.09921546317351593 -0.049994143243942774 0.045709976026536404 0.02838966381972325 0.050309792283369924 -0.023897001978194585 0.030794282469319027 0.12363777405716854 -0.04315343609620648 0.0632982482468128 -0.028527728714840515 -0.17545984573146728 -0.10072141243381252 -0.1327327683839093 0.06650801832661869 0.08341636267385978 -0.021369226744689 -1.9890240583102757e-05 4.181139641746625e-06 -3.768405290416877e-05 -4.448674286959434e-06 -3.0005119228287818e-05 2.0186853772478398e-06 -1.5780572681290347e-05 1.7823647169444328e-05 -2.142496957289608e-05
b6 -0.20415089267768663
w7 -0.07113001741336893 -0.011902914740349548 -0.015087153059659112 -0.05037917578386288 -0.1009361125636269 0.03904651913081315 -0.03477347434278446 -0.15349262876401676 0.03282124197241046 0.035768451413645166 -0.07977606440603126 -0.04745223579323762 0.022654130314258943 -0.0043195232074768174 -0.02391204294949321 0.04829091132164697 0.05887360496858017 -0.07562844251819696 0.05051076538614654 -0.009063863973485898 -0.005825781123655687 -0.10863151937293636 -0.0024714456859984413 -0.07177813520721625 -0.025946447809687787 -0.03227885103005269 0.01370109855176 0.006029198535636346 0.05360754979437799 0.006298389482599471 0.15176675723887123 0.08449169565618506 -0.07118098705103044 0.040377899498537775 -0.014456640990773728 0.0027881827231108305 0.036035569090549086 0.0972368846692172 -0.011330299160153694 0.03223500652605022 0.025763365448860823 -0.028356490071361744 -0.0073393302392706925 -0.009481008523834223 0.028832515278194772 -0.09765295568325644 -0.04355829593551527 -0.04872018031330376 -0.03916771663742245 -0.05927288043423465 -0.0648666803003345 -0.017825852355543494 0.03109464080537448 0.05612286730427337 0.008128376721329518 0.04699074748077349 0.004029699118738526 0.03507702757769129 -0.1669482610004864 0.14343625838399104 -0.02980011563197073 -4.275827743161414e-05 2.3924161545055707e-05 3.135004550698339e-05 2.7595563302929966e-05 -2.7701350257822476e-05 3.6747085748978724e-05 -5.159701994034592e-06 -4.8155324053371475e-06 7.949489451478817e-06
b7 -0.020035711181172013
w8 -0.04334502146160669 0.04679228070024277 -0.09624934225758545 0.0473422597209257 -0.05100106517190479 0.02029394948308246 -0.057836210574462935 -0.1061723940874347 -0.01807535177018246 0.03666868369707681 -0.0704186184722628 -0.055257975429509665 -0.13583573523083214 -0.015795748093067902 0.06991672498326344 -0.015284310947588392 0.036427312320626674 0.002547230829016349 0.0451345315595793 0.038160385917587865 -0.025464303736038002 -0.09661416747966507 -0.004343892726209269 0.06327229744889168 0.04406650658585065 0.009493021130016457 0.017417978554344696 -0.005353343914091623 0.023740157971124137 -0.005339290720089756 0.007025754129332557 -0.05052116469028451 -0.010052454786575116 -0.02033991139284981 -0.0011135690636743562 0.011378094429317294 -0.005519945772005333 0.002789420704578535 -0.02486486575983531 0.0003000870203047733 0.0025973327370683737 0.008704239894232016 -0.04301101640195198 0.022675322178422948 -0.016021168975588865 -0.012312245737118447 -0.00836890546169208 0.03667970531461092 -0.014013909162845433 -0.009573705069321994 -0.0003018239604387466 -0.008939814453571681 0.02392288302926446 -0.017096855129262584 -0.027104525924576114 0.0494219873497151 0.04498719378530162 -0.07395994947513547 0.14753046422935764 0.04857016756288457 0.1883024622563393 -2.497998109560362e-06 1.7264899611028808e-05 -4.418302175476493e-05 9.327463518807393e-06 -3.726119675537925e-06 -2.701262864648801e-05 2.503006897707799e-05 -5.611061695180291e-06 7.751947903610492e-05
b8 0.21543461232167532
w9 -0.0969549314332762 0.08005069358008154 0.06055613173184555 -0.18468455270263173 -0.21026510422227632 0.0213856361896956 0.013604147200386428 -0.034509150675673554 0.07398663572674165 -0.08666091680241209 0.0295203606039641 0.23211099295126106 0.02255688037266941 0.16728563008658998 -0.05899616574606427 -0.07579437694085929 0.002725891776378869 -0.0964698062508198 0.051945878216213305 0.053196338976919055 -0.16661506934899362 -0.04869569489019697 -0.04264958350936026 -0.12041244657365063 -0.040779941667310346 0.08694388758432918 -0.12558227402212943 -0.08306038288960821 0.014673714149889033 -0.03712293195684947 -0.0397251844182607 -0.04143615633944268 -0.04148309813546652 -0.08699909064073544 -0.10531057142456243 0.09401045378595219 0.04473251773811953 0.04961912330908413 0.045511212467305766 0.02692247917834875 0.01741682955523091 0.03161297234792851 0.02642542706167202 0.005668282036009751 0.053712028085251544 0.05362021952705579 -0.016369186214445622 -0.009917891171580677 -0.09712561099188137 0.01208558705542251 -0.06348788359024585 -0.05402582514938123 0.025493483897210147 0.05366277602184421 0.002879789387380287 -0.05559280897845145 0.185025213388241 -0.03364175614456746 -0.020009529071739363 -0.024077410894409207 -0.247765207620835 -7.592036040791408e-05 -3.4531785066378814e-05 1.3593384740614275e-05 2.0789643529302164e-05 3.3986940099874e-05 3.975020906054074e-05 -4.833662730099666e-05 -2.594496947843338e-06 1.607107601592078e-06
b9 -0.04469777114305977
w10 -0.011015934561488595 0.018470605105350982 -0.05728294131430167 0.0966423849600704 0.13857491401270788 -0.07678284063996559 -0.07504340365812182 -0.09364994331515886 -0.12319276662641258 -0.038122196266951285 -0.06334110685542202 0.05272151110962478 -0.037045907650529786 -0.049783073568104734 0.031637718977550675 0.05960721355704961 -0.049094913287731835 0.01720383038667351 0.09759953743147871 0.0723288060155558 -0.00640370935633907 0.09624940189905545 -0.00394496464663657 -0.05533606678228809 0.0036454985731468508 0.01680789276032144 0.01770342421589393 0.08986634355170967 -0.07046300297798248 -0.00240916030364501 0.06540130783259106 -0.0333824546445263 -0.015262410099720899 -0.04659129806131025 -0.022203700952522082 0.08221565816131576 -0.03498541952010598 -0.024514442594007698 0.05626556145892365 -0.06189493136028664 -0.056613681943776376 0.016782919680747858 0.009515435886592918 -0.03469915079163568 -0.019115392682235936 -0.018865276839078387 0.06264321396632408 0.02437760451044472 -0.029249028198152522 -0.05380326649364441 -0.014098090736127647 0.00537433615649699 -0.010383092787995363 0.0004975982191594997 -0.007776728563826533 -0.07617806281808824 0.015669255801798124 0.035746650034469245 -0.009998093087571127 -0.04039659344409328 0.059322752133535946 2.6607986441978148e-05 -2.29389177899921e-05 -2.570473407422217e-05 2.8535738289728263e-06 1.1770885047537085e-06 -4.6299997150211324e-05 6.409295619900391e-06 3.6139846197155526e-05 -3.520066094942117e-05
b10 -0.025186218462827394
w11 -0.16276541948436407 -0.1705632271917139 0.01496327370238001 0.035842746173084805 0.003910418157169809 -0.11512376805088877 0.09952423189829224 -0.040316503971737604 -0.017435662693947043 -0.0013691186942286502 0.15759919118065155 0.03021585365392659 -0.003255074867251129 -0.12620271219024662 -0.009282246964814342 -0.09603248641538893 -0.06097278566748713 -0.06099860526289453 0.10699060527951552 -0.011703617040050105 -0.06505685419349665 0.008353106990776807 -0.032789800362425195 -0.08809935485697515 0.04159527682262728 0.03087559589844143 -0.08935442223079572 -0.026497067510305523 -0.07294203590203954 0.13545474498477286 0.08246410960266695 -0.00917346982537723 -0.01991254447182219 -0.052128152828878636 -0.024160923841407365 -0.0034787025830984733 0.01957372878987872 1.179026209001319e-05 0.014201431528175133 -0.10660090590690174 0.022199996980538945 0.0313146399675787 -0.024265818460099287 -0.04550081074997474 -0.014735325254893687 0.0036971711477432855 -0.04325968225951263 0.07171406964032431 -0.06328353431238867 0.04518581629108159 0.05826988367956332 0.015151067368697441 0.011350124846600192 0.006047754168702455 0.031427170712618364 0.06310116330131717 0.018064673359374065 -0.2502685881662128 -0.08175840807377538 0.12243955945292109 0.06295941947962258 -6.854304890240145e-06 2.3326052852570458e-05 3.848873155224496e-05 -3.902560721439668e-06 4.212569809008223e-06 -1.0226577660870867e-05 0.00011066394518073066 -3.87004753887534e-05 -6.06240430512333e-05
b11 0.012666188802713915
w12 -0.12354979106055074 0.2687278644495542 0.0004715856647004453 0.06199751141702696 0.028372169957007802 0.057653600803814965 -0.03871449649858739 -0.00827032425473507 -0.04049204904270779 -0.0001058335920454894 -0.019108268943395998 0.0039880701138341945 -0.007044071066781555 -0.023650360279721276 0.019092144199464613 -0.001368745312448488 -0.01341275475860313 0.008972949255258381 0.010117010473650441 0.006382489402950895 0.007505089864077862 -5.24015119791241e-05 -0.0017617133290614186 0.010462666918834324 -0.012122828353541757 -0.014483625490128927 -0.01075313974532442 -0.006699285412617868 0.0007457752387361923 -8.127336389873296e-05 0.003459663118378542 0.0002905961508845586 -0.012420745565356162 -0.007721579190082219 -0.006087266303104077 0.001254008294058995 0.003585633856022107 -0.012921168172189811 0.007189517794532419 0.005799144885460815 0.009773799172369608 -0.00017204044270742103 -0.000920292595581065 -0.005833411468753662 0.0011295524231976365 -0.002995087666679537 -0.0052325735605307025 0.001674050364851962 -0.005715558154791066 0.00010845460690950512 -0.004405575434722975 0.006047469050411629 -2.61395188970992e-05 -0.005357878887857344 0.0067586334009032585 -0.007736545438651752 0.017210594759612927 -0.02611775111563933 0.09558397347086026 -0.03911125198159605 0.147285624079458 -3.481462244323385e-05 4.8820893032362445e-05 1.4416893216230901e-05 -1.2421559619784139e-06 -3.8139418793761844e-05 6.340784154010093e-05 2.6383118538223072e-05 -3.7112877600275442e-06 3.548169088836202e-05
b12 -0.5710563349659601
w13 0.06212677999774592 -0.18846307974624366 -0.06550226870210127 0.06434676073203002 -0.03194646352243696 -0.17066030903307436 -0.0011815773600406647 -0.02307809236867715 -0.001378020938843957 0.041119744912618904 0.024960232137296166 0.05849731021962577 -0.08541272737395376 -0.027945223670429904 0.07213261835351038 0.002003090758849186 -0.03226218509335062 -0.019962478893216798 0.06280430890734337 -0.006127615492224633 0.009380625016048935 -0.004602758775763764 -0.007309684887867557 0.04907306403400714 0.04132323436701095 -0.0055577650229328745 -0.007682178418657331 -0.028806497549944368 0.004373844062320879 -0.025284139851221948 0.00047701695276622754 -0.03252860480972953 0.001597917093064049 -0.02863352963274312 0.017830337941509906 0.03981294377631003 0.02098333918800168 -0.027252822449760152 -0.015060398735867927 -0.0014199312903168955 0.022805225598190065 -0.026131279433860333 0.004814250544759096 0.023418538482040417 -0.02905928245801283 0.0047058758213170595 -0.0052087136546203885 0.018916053655604743 0.014418178279381863 0.07464457674566373 -0.0022097335007343188 -0.01909380988561192 0.030271408445886397 0.03588262702080683 0.0398513632120242 -0.05382170119681601 0.1158173030301904 -0.06576548662322006 0.12477779639104657 -0.06571110478443709 -0.07071560641655693 7.722348181464082e-06 -4.424166255408223e-06 1.7017495833633154e-05 -2.58267289086895e-05 1.1926712414107047e-05 -9.090268269074942e-07 -3.421542912844442e-05 -1.5223733972639236e-05 -0.00012668465647290797
b13 0.3095227998646212
w14 -0.008631911765398822 -0.15850452157659117 0.006621665658275595 -0.05097448363016381 -0.07851202572661627 -0.11590496596119564 0.0007636944009853058 -0.008899020233788761 0.005276849331722151 0.1340442997078343 -0.00036059701037953717 0.0006969614745445481 -0.038308353110715856 0.006243101814491253 0.0339174789831669 -0.048609270140614017 -0.006380671152073068 0.026350700458006714 0.06025730265652074 -0.0007767021312558762 -0.0466289059309193 -0.020318056163314346 -0.03419937587542213 -0.022293633683933556 -0.03900227940899174 -0.0003712973102753604 -0.007945082855865458 -0.03379706740778374 0.03604407816323363 -0.029047014071260886 -0.03073938031662038 0.019075502892582405 0.002695911555873389 -0.0515191474825923 0.02820030108780642 0.0011754903739842613 0.01975839704009806 0.005926426259016726 -0.006677603804978159 0.08012552909181282 0.0453709882462408 -0.013612364008880069 0.0034890995909555005 -0.035553244495915876 0.040838571836557105 0.026574028333965216 -0.0024953430270779125 -0.026307950035951554 -0.002114469721691655 -0.008191063698798545 -0.060361014109605864 -0.014105492443738736 0.0141923879132437 0.011068651659386076 0.01800335788885285 -5.4741714311236385e-05 0.059538586130887375 -0.07940740258999097 0.23029161617254462 -0.17183216603967677 0.36894326399323274 -4.0981384670852706e-05 -7.38861211384455e-06 1.82744900318539e-05 4.458086127890482e-05 -1.105745930983664e-06 -2.965849027110714e-05 -2.2140277557341485e-05 4.744926382963637e-06 5.621139844138434e-05
b14 -0.2110875513594862
w15 0.01093726088664929 0.06850529486684923 0.039641677373561626 -0.04020305912139713 -0.08950455734473212 0.011307230300743017 0.02496489024415918 -0.008472139364586812 0.08484363728651685 0.07678694081194196 0.027263994564856266 -0.013361583807575244 0.025122125917006653 0.07952199521539229 -0.017754009226751716 -0.021512465999808772 0.026638033772471762 -0.07136921363661547 -0.031832144314876507 -0.08351582897944722 -0.0157908047193859 -0.05595924524036923 -0.007505356192604206 0.0021356210398914043 -0.0020311188020366235 -0.015933139090652623 0.017824639220841886 -0.07719441502284526 0.03528690871766062 -0.01456776808630573 -0.03824770966924246 0.008389959517456535 0.029272746485844433 0.00711193954590907 0.020768157302525434 -0.029762968873215886 -0.01624704981828756 0.022710878495237997 -0.05995901082253579 0.019731896278591822 0.04491073866903653 -0.00584180480520321 -0.01938702998794552 0.02134627217646671 -0.0037050275063268186 0.0010899537343882061 -0.01249762209012363 0.0043577231311055465 0.016076242027179492 0.007919680872769055 0.01822572428229025 -0.010738979733509598 0.0030670357706341126 -0.013471560282909582 -0.012537635425209989 0.039001707745121295 -0.011148593164435746 -0.03967439665574633 0.10754770307209215 0.12022352188205959 -0.12237482510666141 4.291020519399172e-05 -5.4899043720216565e-05 1.2706499198649035e-05 4.799608771785567e-05 1.7409903744778617e-05 6.199701441681806e-05 -1.329503622086093e-06 -1.1526712650000797e-05 -3.442311719619203e-05
b15 -0.261556076225786
w16 -0.12311990814626075 0.12397288256784593 -0.05808324159804479 0.07426628679949261 -0.07519730838374006 0.0348635654170349 -0.07207079085754951 -0.11631839538172375 0.038717826511100416 0.12538934475914348 0.049764663902137324 -0.07339514091570079 -0.10032299095415383 -0.10755504618568537 0.12212668116073655 0.004493630617218041 -0.007975253759409981 -0.07991948153588324 0.06556625986899291 -0.036782632207391114 0.06452503177262144 -0.06403899085180222 -0.035033468590498794 0.1177455535162514 0.041997703383709256 -0.11350675821693909 0.03069445621472315 0.014747680841563738 0.02011653362360983 -0.027091069316674272 0.04580770254648282 -0.004155514162689376 -0.0015766464468750321 0.028290947660173094 0.03456888773825475 -0.006982665610876724 0.08807696648091905 -0.03191269676184462 -0.04612990170167625 0.041360446549381084 0.00024049165745402735 -0.06239852288258096 -0.06365542743814602 0.06566480123390177 -0.04853691864650533 -0.006479705155378358 -0.0346671810369843 -0.00751763332903465 -0.003712974110011502 0.028279978309424268 -0.024900985767535078 -0.03139323520397827 0.05365980304452478 0.05573937743765158 -0.023163486462602946 -0.0053369600315513995 0.04054360010668477 -0.07331942357581919 0.19643239194205053 0.1017365435533429 0.3146564077342639 -5.692135431381746e-05 -3.46097873212454e-05 3.0146646821890864e-05 -6.135624178498644e-07 -1.3642409769159611e-07 3.265910268493583e-05 -3.392819841299708e-05 5.491440349462144e-05 -1.3822915485664737e-05
b16 -0.2728389642576606
w17 0.14127823324478814 -0.028311247902157527 -0.023676697065873633 -0.006387306681304382 -0.007553203822709614 -0.029898226681052242 -0.037606176436228295 0.06213603958232275 0.03508861014977083 0.030514654346356047 0.15430932476029352 0.03923842534617116 -0.08062574554222937 -0.008956757463036834 0.06936752353819861 -0.05595741424133827 -0.03061605861413152 0.10923672246554254 -0.04373498585662997 0.07253862446941128 -0.12428255459870248 -0.0945303419029443 -0.042044446136660446 0.09778963323091823 0.1030815054733262 0.07219353171532651 0.0002529539239665446 0.010702955036266287 -0.04233366591459272 -0.0752039579737366 0.02586012604533889 -0.11482745390136581 -0.07679165363029503 -0.00875227383773524 -0.059537304349197295 -0.02093543409194345 -0.06186556528586962 0.06948277013634653 -0.024896483868522685 0.012150969261556684 -0.09084681625383374 -0.08344720760074562 -0.013127023095605272 0.05976823384717768 0.01010819813407162 0.038463181249770065 -0.02007987048258377 0.04499577752475978 0.03553473175678878 0.017233598191526343 0.01530382359094055 -0.06383012220463029 0.05463000508293332 0.0434411102040752 0.06551606614045884 0.009945723033096866 -0.04908415033296566 0.11327918426383551 -0.1561684377797108 -0.023080427352277104 0.12868324040798268 -1.9413660998508273e-05 3.85039557572259e-05 -5.664982019324259e-06 -8.489287972721904e-06 1.2609564595911892e-05 -9.513249930525008e-06 -6.147703352785808e-06 -1.7268707907746882e-05 1.051592506845462e-05
b17 -0.039677132933201666
w18 0.038619702327191766 0.001730733593997389 0.022273057268421114 -0.2624142898985733 -0.29507325119273925 0.053714425746217875 0.07377027178542872 0.11518444436942633 0.06043745125958143 -0.05638995770339778 0.09535445734085769 0.08265686442948231 -0.012016502243617066 0.13788102468376787 0.024674693695333916 0.08100122888858666 0.030657687953661528 -0.05771496610480867 -0.1258357936713907 -0.11102298564460925 0.04692032143745229 -0.012201293927707264 -0.012791117488123642 -0.01746867032768412 0.011365138636132414 0.11347595947780532 0.0076240641489355694 -0.03216452475541035 0.013516017074036225 -0.019308200564158717 0.08825410919538895 0.05708869397514271 0.01915632590977031 0.0460643223402362 -0.00013991220371452267 0.03953956712447607 -0.103511590127156 -0.017756504919662 -0.01847166418688098 -0.018535212551613455 0.020058412763360522 0.009238687216630789 0.06399800697644291 -0.023466084843533682 0.06421588965545115 0.009427340755947186 -0.02224453106931611 -0.047631581305759056 -0.009051973727901171 -0.014174364209449456 0.01144640047405313 -0.056010014535733225 -0.008615621684139308 -0.013787511017401327 -0.0062426824997659945 -0.021756927484225197 0.046702688562362864 0.045284964594102584 -0.07878548158387857 -0.017600535417035924 -0.13389173736094095 1.2148553520591209e-05 -2.454851729017555e-05 1.3440802561270496e-06 -1.8186847465480128e-05 -7.247063810803969e-06 -1.6007550049025626e-05 -2.295512927046866e-05 -4.655076308469638e-05 8.049237926571097e-05
b18 -0.14765928336140607
w19 0.02992101420691307 -0.07486790113669324 -0.05452057406389663 0.12312170109552108 0.1235085150562115 -0.05774231571366565 -0.01890315923019849 -0.03433679230891508 0.0065841999467288175 0.014004517462594158 -0.003247009198081311 0.02498932405935432 -0.0036838774147040635 0.035371528806822275 -0.06353677877284826 -0.018799889413546628 -0.04436821736747651 0.01690537747987503 0.05973032427718736 -0.02671587698484922 -0.012022007437809868 -0.022695636385512384 0.04222231444270219 0.018711748731318752 0.012562423963304576 0.0284497670827328 -0.015299359192645004 -0.026545910713892996 0.010503103325671488 -0.0416674975469291 0.005855010830910781 0.041342713735106854 -0.04822598426781483 -0.011029330846860096 -0.025314415819175092 -0.005751987377223152 -0.018001890547739065 -0.005721980203644032 0.00961949544309644 0.010254838150067277 0.02758548606450918 0.007019252668818581 0.03637901552334979 -0.008326829645181857 0.03343746812170895 -0.0065908518646173135 -0.013307391106576156 -0.012223867143093701 0.0013269210050978633 0.0005270846297404778 0.004250458440115048 0.011451065378466192 -0.006252720313149797 0.001983189535482974 0.009555755848413068 0.001615076158024332 -0.10202935722748056 -0.07472674239058545 0.23369727933243617 -0.1586832118924301 0.2195085977150092 8.014369611021237e-05 -2.847115446055723e-06 1.4989710623351523e-06 -3.749151520343747e-05 7.31351990940683e-05 -2.6424487342891464e-06 -1.723574869376095e-05 -9.148948469664287e-06 3.421173266599429e-05
b19 0.5589628786907852
w20 0.0547045655520397 0.012421592526613168 -0.07451382469399144 0.058043557979408966 0.07590527985866864 -0.05798362001787494 0.03621211324214526 0.0957767553468249 -0.049360554475618545 0.036563150438289484 0.07836948885726143 0.0675678814036637 -0.005302080235284856 0.020933737674688514 0.040079338371166305 -0.030089965949837323 -0.08399758192395773 0.057283819750158005 -0.09336776804281455 -0.032608125558548785 0.028435440095104368 0.07019795652877843 -0.0243780247613588 0.08770597206981877 0.02082373315626433 0.014850391140246107 0.004958139644850748 0.00918301534554457 -0.04096570840931204 -0.01875025707026602 -0.07537061891154262 -0.0669132643033843 0.074811337004965 -0.022499224064306843 -0.019468638742976094 -0.019645844851064336 -0.0714212523284516 -0.04266581722912386 -0.014929768906416516 -0.027502041834780527 -0.028087419667991918 0.006276404962451226 -0.003699114761184033 0.01254743369488935 -0.012737624173553251 0.1062050379521721 0.060103937944552314 0.028905954606786678 0.0248083117488805 0.04699699132534181 0.06961545447553896 0.0020548236659866117 -0.03138048460919058 -0.06520542217575429 -0.01780660241774383 -0.011308846415622234 -0.08757796798157336 0.036226733601709624 -0.15603304389667538 0.045050842563748424 -0.04265736022543916 -1.3714960334397453e-05 -7.454936627718494e-05 7.113658839107312e-05 -5.414259315021763e-06 3.305724528285648e-05 4.4160569032628814e-05 8.464125588197078e-06 8.967503556427085e-06 -2.702779224274155e-05
b20 0.04360161426756916
w21 -0.08619071076079063 -0.20999935003932318 -0.10409439042538154 -0.011442762017962254 -0.12148952229362386 -0.03971704998086452 0.02465022106114511 -0.046406167114094246 0.06623364666266884 0.0488542841861215 -0.10319058654974345 -0.019804839389582468 0.04706297172245814 -0.03869074357812731 -0.025859110435810122 -0.008496975815469368 -0.00886984993123199 -0.023117760800653076 0.053283001588376934 0.011877287557930504 -0.01718159335410279 -0.004849796558647072 -0.0003310390954737572 -0.0042241640022862076 -0.00013072625879535692 -0.020267363941745994 -0.010325276731061768 -0.02678703400546834 0.01740264058257519 0.0013957386755272137 0.0015975035311962522 0.01841041131931955 0.0034050727581981534 -0.0234785540675931 0.002176043764712921 -0.005086069371711283 0.035065517640924845 0.006747772249698718 0.04728995606851243 0.016719218605656422 0.03073229727634089 -0.018571870901613826 0.026230011241890706 -0.025767567757896397 -8.901795852296181e-05 -0.007653791912816529 -0.02681092742417756 0.014807295820931403 0.012710742686196078 -0.009512929494967052 -0.0301884323819654 0.043597713026045 0.016417816219649346 0.010939161869026218 0.025220939684322975 -0.033855079533857954 -0.0559680822697588 -0.1375027930401272 0.13908078449934674 -0.1410309131294972 0.1257174886905827 3.650828115356663e-05 -9.430205597112276e-07 -3.799074989625679e-05 4.1988146374441375e-06 -2.9025173601331302e-05 1.1464286382103017e-05 -4.5429900116205585e-05 -9.811461260207568e-05 -3.632046554723213e-06
b21 -0.057013794389742155
w22 0.050400433847468416 -0.024993223125817237 0.029308481720016356 0.08422908003605845 0.13814580666566967 0.057995671892596 -0.018014397840809857 -0.03104273978700201 -0.0396076798776597 0.014868797294047007 -0.001977152786121603 0.023680975341015067 2.0278763108681552e-05 0.003551184013139179 -0.021531526321328813 0.009027815290108316 -0.037596520966879085 0.01725082455113794 0.0016974304994822134 -0.01068262463024038 0.0023783822276003475 0.006649161863377847 0.010308734015012548 -0.009515586429024031 -0.018913859255892063 -0.007221644216654003 9.689565556216698e-05 0.001238154447559321 -0.0015939080399282248 0.0014620554331928042 -0.009752855780387494 0.00011061952660530501 -0.005560968876086663 0.0018568731857809984 -0.005458116218841171 -0.008636261450709084 -0.0061158584364538505 -0.002151140852626952 0.0005586572263039718 -0.0005755039657710684 -0.0010683321286116879 -0.0001770706479222832 0.004306224812304728 -0.0021703062751900013 0.0015116929800165486 0.003621120055528821 -5.0168283152497846e-05 -0.0008094325885998608 0.0013803023261593724 0.0012832463486116585 0.0028186942959594653 -0.003429981299900371 -0.005110284450917374 1.4799244895696473e-05 0.007763092723230568 0.0018684906835346466 -0.011948495990810683 0.006812464181038642 0.06590295858275064 0.001511933010745654 0.03895350512206102 2.406468982366589e-05 -6.434497560060631e-06 -4.2562866005350045e-06 3.557100222112205e-05 3.988401264276569e-05 -2.7307549786637807e-05 -3.489551600314167e-05 4.0014944028856445e-06 6.37144363319093e-05
b22 0.3752465609650257
w23 -0.022743317331261087 -0.14532072615909125 0.143654765926111 -0.1328918914516848 0.02390279991314523 -0.048044369737781284 0.06669013678205774 0.08830934470603825 0.11275714747406994 0.015422777212027177 0.178375876360119 0.0031059748155407986 -0.04517918211502965 0.0460350526267068 0.018201222067347273 -0.012383326172071406 0.04742375472392462 0.017828578847915777 -0.06277259028971213 -0.042726375226264324 -0.016262038472493353 -0.029578873400276706 -0.0009315646869722333 0.035904843439518434 0.0841830262915328 0.08029740394268305 0.027799304637900243 0.021666170600813772 -0.04639505995562314 -0.04051043960280989 0.04153169123175194 -0.0019083092119210137 -0.027792269698855177 0.025256396204994005 0.002781232325481387 0.03270843255228259 -0.04490325088145993 -0.0038450288326846755 -0.04849404688491744 -0.013283053380928557 -0.04141806449584733 -0.03393739205779552 0.013851428195473647 0.02305671045746168 0.005696572609408787 0.006191358705290951 0.0010471777941718408 -0.004676073416518066 0.013204869320847183 -0.027215060946904263 0.029565417114472584 -0.022449590727121615 0.02962245198332312 0.04160264364751217 0.028411150138555222 0.037976450193940664 -0.09521631444204962 0.08655245441999705 -0.08018951519831591 0.06897339755278 -0.22301039585831095 0.00012706338666316767 4.375194575712493e-06 -4.5902940911390965e-05 1.3971363829146402e-05 2.5269785695501794e-05 -1.3827149203964598e-05 3.7382771276370254e-05 -6.998779846192352e-06 -2.5125403368807103e-05
b23 0.1971148761186976
w24 0.070941129762131 -0.27596527513303415 0.00350605292807131 -0.0005918948058300475 0.06630184035364174 -0.02248913517284019 0.00824334730551547 -0.005162070773905816 -0.039320448419842106 -0.009170141381618502 -0.0014402012123572385 0.0041786071287265155 -0.049775975414038956 -0.02583746029049782 -0.00027053276606246274 -0.0416476447059194 -0.026649049322142154 0.021652917962313074 0.009222633613902666 0.0064752745964138545 0.01148578045281982 -0.0028549717236907306 0.002654285074592159 0.019479812952148956 0.004531407006274459 0.003802845695617491 0.011080345603275945 0.01920210013294198 0.002788413279540884 0.018960102082928348 -5.0951756935790625e-05 -0.005933500933263181 -0.011308892349321049 0.003271458003595897 -0.011913517958572142 -0.01252626814111906 -0.014793864037708038 -0.0032230501507963015 0.010978328179957973 -0.009439794074049372 -0.004995675505825553 -0.0021738163875922316 -0.01616252587749749 0.003860542427269537 -0.0056998687918995115 0.0019687586635609437 -0.007425258632312442 -0.0011677217346439462 -0.004124134597830164 0.006193895234252514 0.0005567882669577878 0.0038109642717995104 0.0027234641165900767 -0.003589811020459878 0.026318606443045192 -0.020839020961705815 -0.00013033530526609607 0.024068162729634204 -0.043607490312123985 -0.04132640026902463 -0.008350945306202546 -1.5788805453063223e-05 2.8659300188221646e-05 3.36083584072836e-05 -1.4057758214339239e-05 -1.4210608450101417e-06 4.912780177144888e-05 -3.912237294462276e-05 1.773846181729829e-06 -1.5053410748689842e-05
b24 -0.6282372236497269
w25 0.03096749785832173 -0.0545069964398154 0.028157054796313336 0.053860193168634225 0.16614639611969423 0.10027283977772046 -0.05282922619543731 -0.04218989137504867 -0.04497576885890256 0.021002551859294408 -0.046590553035154296 0.011117258597231458 -0.029367002707633493 0.054360667071334516 0.028593213484938495 -0.014025181418261074 -0.01694931051486061 0.02952311175376613 -0.03476601080606242 -0.05674558167658477 0.0279585552328914 0.00014159786089165352 0.014074686730915173 -0.025846345232127248 -0.03455556292204926 0.010005362349062354 0.009647739270822955 0.058218079491532584 -0.02697134396417009 0.02948816186347658 0.021052022713369686 0.003755397238533879 -0.031530651333956355 0.022555354733468754 0.0029959718054275363 -0.020212096005400245 -0.016261604433494222 -0.046089432077534485 -0.03403424178525659 -0.024595415346955484 0.00962170352550981 -0.007082378128389612 0.005353589121287981 0.004342089780927999 0.012166256533819924 0.009169449550667414 -0.017008159113418093 -0.006109039240431505 0.003187540211112229 0.011793768318939139 0.026689735848420368 -0.0034252323638767255 0.008439946072117031 -0.01340401724949036 0.0025168047697508647 -0.01407179293081603 -0.02905590585992726 -0.03680831611593199 0.060450947852881166 -0.09265093586612301 -0.13696862964591605 1.4115256453518721e-05 -1.000753329326097e-05 -4.254963765767815e-05 -1.4007277501734431e-05 -3.578142720118222e-05 -6.167877501949265e-05 2.9718901197622975e-05 2.325255615298274e-05 2.687852822398458e-06
b25 -0.3744072704878104
w26 0.07056654995827925 -0.15695372933187324 0.005159643244417649 -0.00405567130170174 0.03711202371381062 0.006373310995138278 -0.007557671988566847 -0.02534311253968388 -0.027636627387653177 0.025540322640662833 0.00866400952053093 0.03435617332806453 -0.030391017461339424 -0.007831686198068035 -0.0019087924937012007 0.030865103015499617 -0.01844875610519054 0.021839688289003276 0.010796272210369641 0.01836044962908526 0.005700422586059896 -0.0173129169087191 -0.0015362365941831721 -0.007457482214048905 -0.02057250606119907 -0.005519190055362535 -0.01540150268309229 -0.010035885024856469 0.012310798109406778 -0.011640869323429746 0.00586706720249026 0.0010130938359052988 -0.007244928890308777 -0.014646808879766628 -0.006488249648228257 0.015681764190507867 0.01058874377295396 0.0013632175278020916 -0.013257513246165288 0.011213394353799675 -0.003594019774111195 -0.0007531612168498182 0.0008863911126473387 -0.004306493163975288 -0.0062930178720339595 -0.0001492446393736461 0.01133211783088407 -0.001977515195705009 -0.005539657012024582 0.005196847544962305 -0.023450586250262764 -0.004658763066947222 -0.00021384416238268952 0.007315642230479558 -0.013679428733347113 -0.009931224661783752 0.03569695538348333 0.028757159317098838 -0.03603566831416688 0.04512857834646178 0.18513008512805498 -5.199415054277844e-05 -3.266119775623903e-05 3.835612169379096e-06 -7.30939410073873e-05 8.341871833062117e-06 -2.069101231090478e-06 3.8995668301400764e-06 6.209843922280874e-06 8.536046864560138e-06
b26 -0.5655377968506929
w27 0.0927538089615984 -0.13959604797713188 -0.09348735937612901 0.058370274233318795 0.03491950694615373 0.05039408693904835 -0.0539547049712276 0.028426930303736345 0.00962575706695466 0.026158575827450122 0.2114137246016487 0.1064146260177356 -0.11525197243110534 -0.08398192963982931 -0.008054870135361596 -0.053504459901534844 -0.1153644302871237 0.10411780542878399 -0.06198068565919192 0.07012329922390398 -0.14145757572596146 -0.13078934085416888 -0.0061834326044477 0.12893038619687536 0.09668490893375165 0.055132607876027306 -0.031248038147592153 -0.09519138214257834 -0.044950340582427833 -0.07682773898378366 0.011052134750202528 -0.14268009855224908 -0.10470028221310941 0.020555400745317642 -0.07939467951925432 -0.008522013610257194 -0.07532403990377129 0.07273282719953036 -0.021314615885642266 0.008115888005535057 -0.08431874935550972 -0.13486176515818948 -0.015594873889535711 0.04794994273455006 -0.02853579475673991 0.016036393622598722 -0.052134231962638625 0.04810187970863153 0.0694804214742142 -0.0006034080089805966 0.027217845643341773 -0.09078429386432357 0.08514817329658363 0.08410085830590464 0.04954284191166083 -0.04005219798407342 0.014214499690394768 -0.07475295177425652 -0.219773789822309 0.033114220320762285 0.04170740860836365 4.298237175400724e-05 -1.877535515700644e-06 5.4560289838931494e-05 -7.824862425462045e-06 2.1490660803121686e-06 6.998037713746822e-05 3.995879366187058e-06 -2.575862852688117e-05 -2.1142796404784654e-05
b27 -0.046227694959083646
w28 -0.06968601866499927 -0.21751497839506745 -0.0053225916619623675 -0.12796599577355142 -0.0578678819764867 -0.035295949422165226 0.03190005992049882 -0.011311348481625445 0.030980306234603308 0.04609080325044727 -0.027240593264030874 0.0007966343096880443 -0.024098239970251723 0.08406065980548942 0.13001169315892144 -0.00013319622074761136 0.03759705035810096 -0.032728616820506026 0.05744686484086207 -0.08062627077549399 0.021252937259969216 0.01306643308589278 -0.0035553150690565295 -0.019195474373830766 0.01955144683476066 0.0151719386370513 -0.049514632585311726 0.048943182972777985 -0.010890739289028088 0.032213829370150285 0.09714638205305418 0.007962499347398386 -0.004259981826415394 -0.015301892433678603 0.012645388499416078 0.027363090735827676 0.004762537327499723 -0.04783715225790753 -0.009912466946930607 -0.0060785532179812385 0.035293629708854024 0.0023857268090676466 0.03985219314562498 -0.010762308946108927 0.04945299849148889 -0.030101140541378083 -0.024312574187767385 0.0013551317535125487 -0.03617059217705644 0.03488988473731076 0.006647887172045058 0.010757974647158029 -0.0007570242163668186 -0.01871145297576974 -0.014244691755852825 0.027662817534628764 -0.04259944194915641 -0.07564457493310164 0.05966849247681556 -0.07248005285434614 0.1443813852288627 3.257708938902471e-05 -3.2081243328318986e-06 6.821954860813943e-05 -1.1052500699174557e-05 -4.8342963799756786e-05 -1.2053777709259232e-05 -1.4504992960167928e-05 -1.894414193988511e-05 6.5008624040403496e-06
b28 0.4850324124210491
w29 0.05212379711461803 0.17919151372978415 0.07175207561726021 0.1574873256532864 -0.017885265766473216 -0.11873318753982315 0.06596173791189322 -0.03734085099767796 -0.018705683744473026 0.06437429873445585 0.07235598959879727 0.01701045892383676 0.04215342864366222 0.002798249393053712 -0.09961334245250286 0.013131570571846267 -0.01458084799455085 0.06808646885968951 0.056687336846896606 -0.02598962560819291 -0.07956730966888163 0.05742528996507106 -0.018922904230018738 -0.07393709066443276 -0.10258549069489198 0.11000470478733927 0.01709258064722591 0.03732594054607887 -0.06002980126962644 -0.01207760747943442 -0.01369541696677839 0.03931254053907591 -0.053925452759232856 -0.02008496542799108 0.02144952667122064 -0.03313949917664948 -0.004311151705664786 0.06335751186795982 -0.014596799652673848 0.0431589392915398 -0.09019245595083933 -0.0025560813488116917 0.025650502447792496 -0.044090287691439106 0.1531245538975004 0.04120578011709591 -0.025764302124821017 -0.020669051603090377 -0.0037349951149843893 -0.04972806378037045 0.010979575804360577 -0.037788348913286474 -0.0022661155764060747 0.010009208237503803 0.07730342951540406 0.07707911210472654 -0.02981892326434303 0.11648632881957065 0.25628328788310983 -0.14813668573714323 -0.24085170626372263 2.2726037975695016e-05 2.5818994913588014e-05 2.0234894907615393e-06 6.972133835685783e-06 -2.2206680218529727e-05 -0.00010038377560137179 -3.642152282145261e-05 -1.151869201873402e-05 1.727503021365419e-05
b29 0.07833521546137628
LAYER 2 tanh
w0 0.11256350838025181 0.1657923019615853 0.1942996667047988 0.3216072207605013 -0.08439144164821265 0.17393089109645327 -0.12781182282692188 0.053365650310500765 -0.18356854814700654 -0.6107194785976314 -0.206662576288198 -0.12477312436559765 -0.057381775179160044 -0.26347196783363896 0.10443705300381435 -0.539601751640213 -0.07522102442053896 0.01284140179622808 -0.26653505202973693 0.2632682117909812 -0.14680865508260496 -0.14018838794790686 0.3234495682431635 -0.6059826459783914 0.28329122212860414 -0.2515364891347352 -0.09794080381961992 0.27755966525717535 -0.034794373014646045 -0.4403369262269333
b0 0.5135516401627701
w1 -0.17605987908858836 -0.01982645700331073 -0.3089942671377092 0.0621799094421684 -0.24638227289017312 -0.10328948884418308 0.09626647895160888 0.0845542964803564 0.011029449641572946 0.10819166188659682 -0.011039003875919376 -0.047870019575579015 -0.2377482115354331 0.04264771776694249 -0.07200722616231044 -0.043260354911101404 -0.05116663774304282 -0.20081772827228797 -0.30303943092376484 0.2279587384532284 0.11384943822085432 -0.19922844093672093 -0.01130811905665873 0.08485461056042845 0.02878337068130606 -0.06387156572114935 0.04716726994862376 0.1389473765238008 0.1631847314315537 0.10622454369546354
b1 -0.21981081086061088
w2 0.08517606160916741 0.07402293187094101 0.12584280531735334 0.17846455440717834 -0.15204406438611193 0.05301788344371514 0.018323059774152745 -0.10944001773737325 0.10835852004972445 0.05777423905547359 -0.12198944641120228 0.12065214002171577 0.17823410128999853 -0.14934475140716222 -0.05900356291650077 0.03348879185927955 0.038135773475165155 0.0015815899685904654 0.06473480740028026 -0.03830441560869633 0.026479249679490238 0.048735931131785495 -0.13883898697271385 -0.009448687309356675 -0.0499714904036938 -0.11114961232150183 0.04275572422934771 0.004644095021291853 -0.058320135632689896 0.02608722690163128
b2 0.309863589786422
w3 -0.345507882723425 0.14006129963851915 0.1370262626279115 -0.18447136016014992 -0.2372400906089026 -0.20474545291000096 0.13685137851364387 0.2130228927040268 -0.2618190320621935 -0.3880524475123425 0.12484446544648282 -0.3798022935028593 -0.18053546544263277 -0.0467506970878183 0.07560392755122751 -0.10674957737233301 -0.040154498653556144 -0.002003382876791956 0.2885095207035244 0.34215712192182535 0.11757832191139461 -0.2962863684064791 0.24122792518184627 -0.4174568732822578 -0.24866499726477895 0.021892133746391956 -0.15267017481187514 0.23004368160623703 0.2982426406583255 0.18400054876422844
b3 -0.09071041104738001
w4 -0.13318985221188942 0.25561466638272307 0.12904689053046384 -0.031218793642538774 -0.1929550795751706 -0.03329197985093007 -0.07387362996935473 0.15626885694800874 -0.03395255177059212 -0.08599278970912055 -0.1555308715083607 -0.03666475192070354 0.25213491962743834 0.16917676983137064 0.05889477305920946 -0.07083824354407742 -0.2062523053322239 -0.11902960986974455 -0.09245124882679576 0.1682083963910261 0.014782092882138852 -0.21752562189248845 0.13826200766218752 -0.08512261234325001 0.13496038397360333 -0.015326562433592046 -0.015203046563341054 0.21819406648437062 0.04611911403842739 -0.1092330816503087
b4 -0.38053818315355303
w5 -0.06598638298352866 -0.2617497100272553 0.11332935905210646 -0.41246114970598446 0.17023176358844594 -0.0873463399262935 -0.03753247326215032 0.1167414602049899 -0.028856203727514754 -0.38118091172310775 0.08253735680896655 -0.1040328328717533 -0.08441383276939217 -0.004077302061315079 0.09805421982587915 0.2561379192105625 -0.2722754800519176 0.0063967625063553754 0.039755532594481315 0.18237477739907307 0.05888225359591672 -0.023510431301579097 -0.027044906316766693 -0.30594673368468334 0.35491770775099535 0.3156213857425628 0.4311997243646799 0.44111216280223 -0.49736840280007355 -0.18937864323809175
b5 -0.3319394668867395
w6 -0.06607453258954724 0.2689642482327173 0.2420121979992041 0.015874707465048432 -0.28255194677561163 0.03887675898698369 -0.006664674765246037 -0.13480919362340607 0.07091888823373572 -0.02343641486164058 -0.15878554233245154 -0.0006463781951109028 -0.41789125167807034 -0.05122875328204338 0.05018349777427035 -0.1296589007754336 -0.038301993881102205 -0.01636362752005297 0.03707297633089662 -0.0894045355503153 -0.15890470670568985 0.038998986493224495 0.6154499778516445 0.09587896324876082 0.007622658356240993 -0.042184415299330494 0.16691686029214609 -0.02249102702430158 0.06818177634770226 -0.0791319843179042
b6 0.032968307203123666
w7 0.5417305989622407 -0.534745544808104 -0.4880904211265003 0.2448918752288733 0.2796448278251276 0.022710509823373616 0.021057401235581592 0.22674897639806746 -0.3091258563655208 0.05593925353734291 -0.22379803228820985 0.3182656186965666 -0.026580122312923338 -0.5410718418510162 0.12871836699293382 0.1778952078081588 0.07983102401109524 -0.35801484816086815 0.07124831951656457 -0.07644058252465376 0.3687176066537128 -0.026993485222353626 -0.20047481486482752 0.17637051688217373 0.0568295728574779 0.011013048304449942 -0.08464121828683407 0.02385254874443717 -0.18628970070382497 -0.061555869038863474
b7 0.1919942621167297
w8 -0.3236174059635607 -0.41127744561454826 0.056715590782302025 0.20791883303357925 -0.3395341260570656 -0.0024589008333326854 0.14388865013992277 -0.03904997319430075 -0.03153755163064904 0.17502428116315952 -0.0014574773216970564 0.04195429109705116 0.08490804376234115 -0.383194058949425 -0.00932382998943262 0.07854692700795056 0.20991562770795924 -0.033096686141795 -0.1899178228315386 0.5331483988705213 0.17539369400177576 -0.1420147641872499 -0.20912569757043634 0.2576707632494457 0.22303057623946168 0.20357163235372316 0.013570368642589524 -0.05542128278370309 0.32717412279659575 0.039607880127928645
b8 -0.18599973889755514
w9 0.07221448245458943 -0.04653851225724405 0.698206129345466 0.015867833420429647 -0.44365972233129575 -0.038799908471328866 -0.004295085839362344 0.12002116331573341 -0.014060636129436645 -0.018453273341759332 0.10141746581766903 -0.06318542513789528 -0.42984519271730465 -0.06911962442121818 0.011525580877856031 -0.14851403025421736 0.07038744265463091 -0.008571295227337265 -0.036530340407428856 0.03048097471705579 0.19657681721376521 0.07115834030589555 0.5890318783834634 0.0673832821396266 -0.13939459904159876 -0.13082460845962426 -0.2905543535627319 0.027018383233995275 0.09772021405940087 -0.046153315804895526
b9 0.5118743004210086
w10 0.18051585307478873 -0.42195128719694674 0.4979700305967849 -0.5535176165940853 0.4789824366483542 0.2117822903238463 -0.16569617607979242 -0.004554069831134468 -0.0250349129645903 -0.23092244246573637 0.16249282719738123 -0.02846667064383457 -0.409793733310669 0.009599660023888216 0.13966176305577485 -0.12577908243683225 -0.2510880051307223 0.1264655031774454 -0.15983461515581773 -0.18574430226779592 -0.1173928889725586 0.33643756057411933 0.4153242220683477 -0.1528433930871697 0.1524149294095239 0.00817702899231548 0.10472701547592317 0.15795923995227085 0.2175086553374656 -0.07402150352537308
b10 -0.06884945596111042
w11 0.10240440830607353 0.03278928001749042 -0.17440779571363801 -0.08739976848706535 0.22859225178108877 -0.20168340353886552 -0.3235853769027218 -0.022425848272381945 -0.10956397571257497 0.0029548710565009983 -0.14569242679854752 0.11578898194490507 -0.1973581625158638 -0.42380762320800064 -0.09758692065743847 0.10274009245850084 -0.428407233685299 0.36181207116959113 0.1690661546265497 -0.07752932980785936 -0.1930011629929668 -0.011438782900699928 0.009113601870616942 0.13091772275658892 0.3259411177622852 -0.24272934202362773 0.34537256405725336 -0.29066979173608254 -0.06563909491316838 -0.0779525243898315
b11 -0.2175816931417778
w12 -0.255882590339768 0.21792263949128005 0.11888349643407825 0.12448426339389353 0.2629886643841546 0.07723642567589573 -0.2509491164527433 0.1843752085783946 -0.2429387038104312 0.19633275383028687 0.1517255393175953 -0.08117635784628888 0.027932546395993792 0.15966360164221463 -0.26806434502438486 -0.11633393523815146 -0.023291311246794313 -0.1600427539444219 -0.36154152696265024 0.17867124171284593 0.31109819334437505 -0.08344599041696259 0.13885804726712558 0.2508092091254334 -0.022782277386207698 0.28071410135961017 0.21526749419186164 -0.09819164395784516 0.11994997348943472 -0.04568679653416326
b12 0.06739537146480086
w13 -0.1789925760510117 0.2684540162294862 -0.15811717379926526 0.12103223080083277 -0.44326987780285987 0.2452158859936853 0.0010409708673530394 0.25148019299538393 0.3448155643607711 0.004810942532380679 -0.34360226037059627 0.12798760717700314 0.7965494320722266 0.3697355491394532 0.1229651755641906 0.027859705950067218 -0.5497286232763854 -0.08255554762224086 -0.2811017282080836 -0.20965582473375013 0.06548543317457367 -0.5337797567528966 0.1191209781646117 -0.12456569379568616 -0.19070000413039268 -0.09740452907099038 0.3731212448373459 0.16654228898063383 0.011828370306193083 0.1092031172927729
b13 0.6231803501987976
w14 -0.39826032008459605 0.13614896904861903 -0.20528707774527366 0.2852994744707091 -0.08390542152361025 -0.0579633799340488 0.3628026945557239 -0.3031637876478731 -0.010993587550267992 0.02650264757294207 0.027492786178378796 0.37923104874661473 0.21132530360548055 -0.0023298689389062485 0.2670313070279427 -0.06846385471889477 -0.07982804585344541 0.20572319716451698 -0.18894898899366036 0.18539006125297536 0.04875859782239395 -0.3690848177346607 0.09799734318102894 0.21093986193904132 -0.2795884377850257 -0.17065545124471368 0.06689214717121068 0.15247182877759377 -0.1324628311666186 0.13903915511985177
b14 0.01927841674578546
w15 -0.03529724902583671 0.11230483420173873 0.24332962676147113 0.038282022080109786 -0.21991808691897224 -0.032015917016553055 0.06820499241499302 0.08303596354878133 0.14259696444917094 0.0023497778856139484 -0.07620176206168376 0.017537485112108717 -0.16781693006730275 0.107939396778566 0.1175339612971908 -0.18717704970924662 -0.09571511797319773 -0.01952213809569464 -0.012544206803268731 -0.14346366554208664 0.026332032197684003 -0.15380284138845257 0.4736873396501245 -0.06608596661313552 -0.18039440416981695 -0.015427050912009828 -0.3117153754942192 0.05024140149613109 0.013855715610989545 0.04332824114975301
b15 0.044951213682340764
w16 0.16611114683501915 -0.5321184295999004 -0.4638514620864333 -0.05547025772089922 0.369461223597952 0.01068942658591797 0.0686121597559649 0.06350179158815486 -0.020970248145418768 -0.017868705921641085 -0.04983901191688663 0.02869728087165771 -0.2703700502372319 0.06441865290725282 0.02384427987126718 -0.03199639658730791 0.08002405475178381 0.021917908009040102 -0.06702782624828343 0.2829275959740603 0.08929255355277466 -0.14408847174497122 -0.05455648017083961 -0.11358719799780445 0.36110155067966954 0.14952344608100515 0.087945259494304 -0.03180402132173827 -0.050236918986589114 0.07162868798522874
b16 -0.5328441614094299
w17 0.13443498456948708 -0.8619419915313169 0.1164070374097616 -0.008818458284784223 -0.06060560825470734 -0.04263922736309255 -0.17500681597273965 0.05128987550517824 0.2242032555081702 -0.1797208896992283 0.18428783861165937 0.01910895565484131 -0.8029901678355881 0.11933047810293575 -0.1767148234640069 0.24038775778335666 -0.06002047123981914 -0.2134910586452664 0.200593326884991 0.410404479807074 0.06377965124021767 0.15304259909135967 0.39644708341859447 -0.3547796155665361 -0.14391171542088285 -0.19278191384408663 0.40502641110779514 0.4002430336059093 0.2181728337247521 -0.18648553112001262
b17 -0.4157391397491683
w18 -0.4229079134227535 -0.07785086897973542 0.07514347862781419 0.028524428162741384 0.16840775450497775 -0.04080790366210304 0.0042567145460718405 0.0959483531421621 -0.2100584967142499 0.16851681648812986 0.14382861734907032 0.011194438826910362 -0.3615843759622449 0.21686505306167556 -0.16840804049314245 0.27013279004456436 0.1622994848286245 0.29565402707608945 -0.15792910247083228 0.19013741135583842 0.036347503672222434 0.07469690133627754 -0.28110653513648853 0.02149664066256208 -0.14473447274417006 0.4159340671549698 -0.16107810121334257 -0.3316659679418113 -0.2546289873676556 -0.075412298485873
b18 0.3037799853046126
w19 -0.009737065318962283 0.4652754965071349 0.25984692295759027 -0.23613965974450252 -0.021854678390133792 -0.06617285668239246 0.002506914053497452 0.10575105504507588 0.0602603425659451 -0.1047900841268308 0.07856507957392957 -0.05201323653987658 -0.015765216123474066 0.1480149442665872 0.031926648087329104 -0.07889194056795226 -0.12982060658528344 -0.0025945851964035236 0.051307649130746584 -0.42633981092658174 0.03597316962804381 -0.05419753448490392 0.3836543063853372 -0.10321735350372888 -0.14740214494609336 0.12496720659422458 -0.14234874382997728 0.09328492182975702 -0.10900692245476566 0.052463139648320334
b19 -0.28093810014266174
w20 0.04543469365047845 -0.23185236280142202 -0.2691697282416666 -0.13943189581486015 0.4056802463722469 -0.008470321179675715 -0.016197375301476937 -0.14174435386005638 -0.25559959034882146 -0.06373872636335597 0.05297842671291736 -0.06655617521412807 0.10764690493447977 0.03689155368723358 0.09749684064044047 0.014969543106006906 0.006418054549116271 0.07528447412141291 0.17771040158813303 -0.08770131986416202 -0.19972365084890156 0.004844410162093311 0.020447559935706402 -0.1718967907887114 0.187842255707824 0.04030848521568803 0.16110914158346618 0.07143158227315936 0.08208929200418966 -0.008899721981493693
b20 -0.5194184106715373
w21 0.19828383616067033 0.13186358090614927 -0.20911207850497124 0.043980051180400964 -0.10913738669164331 0.09334979120095663 -0.031070646215167776 0.12636606335633058 0.01282828983696866 -0.09322617708602943 -0.06375418193068608 0.0036857971842305538 0.45862385926201665 0.013614532655559805 0.1904359638130583 -0.051262031353672535 -0.07372214973811388 0.04468774624753805 0.031463767074838285 -0.15574076387802457 0.09304761106164226 -0.06722753569852524 -0.0010028647780845159 -0.03594520034839115 -0.15818255359549022 -0.05029504838690971 -0.31517864160253495 0.012820277137983132 -0.09836397676821457 -0.16746434299357926
b21 -0.42914448269363115
w22 0.0709689351125853 0.12404812144442347 0.24984144760392127 0.08535104362338332 0.1843070250681505 0.011527260104287115 -0.005271251248660381 -0.13054875434600496 -0.2578618036812323 -0.011992839879332515 0.17943958078710445 0.08035276167621444 -0.21851914681838744 -0.39231109968441 0.20567991442483133 0.19100792657140808 0.061636249907322256 0.12077164880302008 -0.06130245758303827 0.04958739492326941 -0.13719618531946912 -0.11547643078600654 -0.16000053410785123 -0.11582269954882285 -0.17860395661584877 -0.0632066116467761 -0.07828730339113608 0.09635684889528648 0.14933086642482324 -0.15928498359594256
b22 0.054961530328853064
w23 0.0063984779748492895 0.22545669280322742 0.037404789745985476 0.057217122747793586 0.15950203528001894 -0.05183159793705976 0.038337623806238216 0.05718230074146937 -0.22160480843068844 -0.190079943744422 -0.10960286919803972 -0.05094852872075465 0.07408901784144455 -0.010500760020012934 0.2684850854937512 -0.17088860861793273 0.01751600970383051 0.07555242478598682 0.2250821567023329 0.3566715717041747 -0.04640093456195958 -0.14209840144901495 -0.10524756606348709 -0.09497553407447018 0.033780388348058674 -0.25574434304480864 -0.7331674611265545 -0.13929569949406218 0.027312815714442648 -0.0737683110115728
b23 0.33460103635802785
w24 0.1392594255254867 -0.7378878228835741 -0.14863956297284386 0.190709801294155 0.005552957645582909 0.03856479166118152 -0.04464608065274894 0.03733264593674503 -0.026761265756031764 -0.006154556191998932 0.0596242161297749 0.14228507991470782 0.12188951618789354 -0.01840640340165301 -0.020743030295641975 0.06467163574642608 0.0047450063039575436 0.202391798912316 0.1373603255972747 -0.15152144766468537 0.046324552867859116 0.21904245482218224 0.535517058100122 -0.06610920500398738 0.09052252072843386 -0.21278445072425364 -0.3155044453489491 -0.1494169583921282 -0.04037881709121096 -0.04709172742979467
b24 -0.8454180389913657
w25 -0.05031280193759764 -0.16493007846531352 -0.2167435179461791 0.15833107258454643 -0.34957620393202204 -0.006956285255330813 0.0914389352988598 -0.1607751270640258 0.0100558855478436 0.004385494061070057 -0.010739551880775204 0.13210481851943 -0.08990441237311524 -0.11982233022760562 0.05894138288540011 0.06815553001561837 0.054522289119666334 0.24607350447374993 0.08151162901914291 -0.0035397877856478337 -0.24536514926828282 -0.08474933469291432 0.3813626666971808 -0.08422203481894626 -0.09342588095044743 0.0668521228940022 -0.004289256678442978 -0.17633111349338526 -0.04300547552388858 -0.010505157453136732
b25 -0.22960234186468148
w26 0.0172264013666501 -0.5957450845171656 -0.32649743933300723 -0.19582923881012268 0.3995350299975823 -0.07053971181786334 0.03621670612747079 0.17053869254177845 0.05054335189442233 0.011777896323548458 -0.018931013534389637 -0.034562318113329216 0.4444051157017119 0.034911399874127065 0.07291046513231353 -0.08987857670465538 -0.16553644167890233 -0.14901220212397012 -0.11664795354048467 -0.30882290203021884 0.1479182183538148 0.12904294268408723 -0.299309069433557 0.22430617671729738 0.26466250383557155 0.09987911229872339 0.36915865873912473 0.11967921698432778 -0.03690377267813049 -0.016057009770478258
b26 -0.4481058462268769
w27 -0.04920302966098586 0.5850853379352626 0.48894969929591675 0.11042383177935816 -0.08418273717668985 0.023708342802243213 -0.012093388493113352 0.002713267556043447 0.052861338384685236 0.049161404727331194 0.07760761084680508 0.028985399302980126 -0.7121205055992749 0.09185670285900041 0.00392588821756074 0.02093941909028984 0.003915009580302662 -0.050570084074460855 -0.12321744295561947 0.3713471679270884 0.02623716581398872 -0.018670137326646543 0.1644207814125847 -0.13501843953301237 0.006953454088574969 0.030808331704295464 0.09045044840326256 -0.01012713433749903 -0.060302571179011506 0.061984940952803144
b27 0.27189562624028507
w28 -0.24919831926246913 -0.3875797393451243 0.22738960861258295 0.006171108492123706 -0.07984344931735878 -0.1790133955373025 0.24680910859128022 0.16639655981454052 0.05805878865228145 -0.13144673899982623 -0.06644330663779568 0.09588572957815698 0.20515608798409668 0.4648382430650941 -0.05783875176731073 0.13601533334587848 -0.27563690788952994 0.2780456280683975 -0.12240091696733253 0.051325540027963946 -0.19962544303537147 -0.46159167821987884 -0.5329244026864486 -0.16986606780687935 -0.04262802307410426 0.2664146936076265 -0.056699721723980454 -0.14386541281539397 -0.12133494350581892 0.17962225970104642
b28 0.10753719953081894
w29 0.5156713024713876 -0.007791954107247249 -0.4255024199759491 0.11845572899509595 0.0860483382340264 0.02305467764257152 0.03423806901071647 0.3518902170793675 0.03694524867680028 0.0022543467513911858 -0.20630352203299174 0.03241152678256754 0.11691504328952688 -0.17614591765256774 -0.11807928249640741 -0.06496303158577048 -0.10916857011817832 0.27393854555970865 0.049654514138571276 -0.5442004193960462 0.41084090602189693 0.2543332723004058 -0.390486875867621 -0.05475138852044673 -0.07778094499074419 0.16279411641654973 0.4231481366155056 0.14340173692205058 -0.045120008822706344 -0.176682577849499
b29 0.22656963794543367
LAYER 3 linear
w0 0.007039130330561218 0.3281039754148778 -0.18852686410257033 0.020549029144433354 0.15832221521329978 0.01582185247762164 -0.33986318001330534 -0.026024519880375005 0.029610157263138488 -0.6235922941159204 0.015388098203407929 -0.0031193848701207816 0.0033782362080550807 0.025287392428035096 0.009185047304909546 -0.5822398615362927 0.22395633200825704 0.011363755496258636 -0.06066505974790864 0.15512223041643272 0.1993171950222798 0.2003765169189371 -0.27301745706379826 -0.054517063510622646 0.34736421607317663 0.6019232469056136 0.539150985778296 -0.38067807635350287 -0.21367120355799898 -0.025310447426700133
b0 0.15087307800163227

